filename, malignant, mild, moderate, none
im0298_0_jpg.rf.e581e1b625a1c2d35f86d41e4a3870ff.jpg,0,1,0,0
im0052_0_jpg.rf.e58caa2f8076de4a33ac9ad3b39112bc.jpg,0,0,1,0
im0201_0_jpg.rf.e5a233157a9b68feaacfac4d8ddcfe0d.jpg,0,0,1,0
im0296_0_jpg.rf.e5b697a78edd32c7ce60fb4054343606.jpg,0,1,0,0
im0340_0_jpg.rf.e60da88ce16c31594c1d1e7a25ef56fc.jpg,0,0,1,0
im0329_0_jpg.rf.e66d53604a30e7a63df7fb680e9f42b7.jpg,0,0,1,0
im0081_0_jpg.rf.e68d77f602cf05b19d71f27fb1b23635.jpg,0,0,0,1
im0076_0_jpg.rf.e6a07768ca8268ac16020834b9c0eae9.jpg,0,0,0,1
im0281_0_jpg.rf.e6b66e057f22f2c4f27c53bbc2c64481.jpg,0,0,1,0
im0338_0_jpg.rf.e6bdbd78f1226752c166ac6d42d0b9da.jpg,0,0,1,0
im0102_0_jpg.rf.e6e8ec7497357c247b518e79b652c76b.jpg,0,0,0,1
im0280_0_jpg.rf.e6f3abfc959bb90c77db8731b9472f72.jpg,0,1,0,0
im0089_0_jpg.rf.e726cfd1372ae4a7a1d6e81bea6a3f22.jpg,0,0,1,0
im0061_0_jpg.rf.e75cc8d4534a09a5075c7c3f569a6ad5.jpg,0,0,0,1
im0123_0_jpg.rf.e73ee32b65660ba17475664d57777444.jpg,0,0,1,0
im0173_0_jpg.rf.e7310ac7e0824c5a42d33c123f0ce34f.jpg,0,0,0,1
im0217_0_jpg.rf.e8b93cec44e76050ee7bbeba0d25d31d.jpg,0,1,0,0
im0276_2_jpg.rf.e865dcbcc9712ed4445cb4745c8a502c.jpg,0,1,0,0
im0282_0_jpg.rf.e904ff583a63e8cf199d2d87e65918f3.jpg,0,1,0,0
im0102_0_jpg.rf.e8d389d08dbe711d813ba98cf31e6f30.jpg,0,0,0,1
im0082_0_jpg.rf.ea1c04c579126bbff9dea34766cb04bb.jpg,0,0,0,1
im0145_0_jpg.rf.e90be96b6c88593b8d0c13441f5fe3fa.jpg,0,0,1,0
im0252_0_jpg.rf.ea5b2e24063105e7f4a46af8c73f8f5c.jpg,0,0,0,1
im0105_0_jpg.rf.eacf8eb8f4d2a08b0d23997fd4fe152f.jpg,0,0,0,1
im0231_0_jpg.rf.e93547d24f4d6988e8192d2f705e3afc.jpg,0,0,0,1
im0097_0_jpg.rf.e8ba815875e951aea53a7b3559c87e75.jpg,0,0,0,1
im0186_0_jpg.rf.ea4e4fad297e714f69ca5e85a631522c.jpg,0,0,1,0
im0154_0_jpg.rf.e91fef6efce7e5a412d41aa7dcaa9cee.jpg,0,0,0,1
im0260_0_jpg.rf.ea36fd7ddaa54b434f6a118fccef572b.jpg,0,0,0,1
im0159_0_jpg.rf.ec9b54275c6f1181520bfd24aecc46c7.jpg,0,0,0,1
im0018_0_jpg.rf.eb4375d33ab59f0a31622f3c22a8739a.jpg,0,1,0,0
im0048_0_jpg.rf.ec2231a1dcf16497f524caedc4d8d09c.jpg,0,0,1,0
im0356_0_jpg.rf.ec88048766734d4aa4cee20ac7fa85ac.jpg,0,0,0,1
im0143_0_jpg.rf.ebb2c1de982a1e2164a414506612ff93.jpg,0,1,0,0
im0070_0_jpg.rf.eb6ed84141db33245a47c4294dfde41d.jpg,0,0,1,0
im0046_0_jpg.rf.ed60734b38f47a18cf1e18a6fea8686a.jpg,0,0,0,1
im0283_0_jpg.rf.ee051cec828d4a015f635c12f68b8d1b.jpg,0,1,0,0
im0373_0_jpg.rf.ee049b5d22525c678cf17c59d4344ba2.jpg,0,0,0,1
im0097_0_jpg.rf.eaab8fc64579a44c95e33827b65b56f0.jpg,0,0,0,1
im0335_0_jpg.rf.eba846c05683d3eb594fad9bb478e472.jpg,0,0,1,0
im0393_0_jpg.rf.ed9966f5ae273dd75a4395670011d441.jpg,0,0,0,1
im0007_0_jpg.rf.ecfb6b4988d2e82a833827771faa1e37.jpg,0,1,0,0
im0099_0_jpg.rf.ec9bde2c960ff6740495fac9e67402c9.jpg,0,0,0,1
im0319_0_jpg.rf.ef31393fabeed33472367f036d894e57.jpg,0,1,0,0
im0384_0_jpg.rf.efa23979645455f3601b11ac3b0449d6.jpg,0,0,1,0
im0284_0_jpg.rf.ef7c9bf9dea2235caee2ea8e7bdb91c1.jpg,0,1,0,1
im0076_0_jpg.rf.ecd045c96f622415b283d516ba2bc932.jpg,0,0,0,1
im0067_0_jpg.rf.ea83c9f82ad9eff078a752272c62659c.jpg,0,0,0,1
im0020_0_jpg.rf.ef2b9b4b1601f2bac7bf705cb46a2844.jpg,0,0,1,0
im0195_0_jpg.rf.f0f7acde0be54d490c822dfd38497290.jpg,0,0,1,0
im0150_0_jpg.rf.ea598cdb7ec80d5663af37fe964890c5.jpg,0,0,0,1
im0219_0_jpg.rf.ef85785ac5f7d1ea3c7cc2253e99b18a.jpg,0,0,0,1
im0362_0_jpg.rf.ef05ebc1a66c0a13e64a1536c1611128.jpg,0,0,1,0
im0386_0_jpg.rf.efa2023970f21801259e2300f973cbec.jpg,0,0,0,1
im0293_0_jpg.rf.eef0d88d22db52a0099ee5d549550dad.jpg,0,1,0,0
im0088_0_jpg.rf.ed20381dca53f5c80370319efe49fdb4.jpg,0,0,1,0
im0273_0_jpg.rf.f02ab38e7471f17222d2ffb7c4c6c5c3.jpg,0,1,0,0
im0324_0_jpg.rf.f08ed179b722b320267f3e237c65e7d1.jpg,0,0,1,0
im0116_0_jpg.rf.e88d98c59fcc23c4291d851a96674022.jpg,0,0,1,0
im0205_0_jpg.rf.f02925561434588dcc8401a8d8a48077.jpg,0,0,1,0
im0309_0_jpg.rf.ee61bd37c7275904513406dfc2eb3646.jpg,0,0,1,0
im0100_0_jpg.rf.f2476c71c24b272b3640930cec76ce39.jpg,0,1,0,0
im0383_4_jpg.rf.f1fe206804220f0151874b3ec30215b3.jpg,0,1,0,0
im0122_0_jpg.rf.f112e96978512277dc3469b050fcfa37.jpg,0,0,1,0
im0051_0_jpg.rf.f1cada31170b20e0f17a850f804cdd95.jpg,0,0,1,0
im0288_0_jpg.rf.f1c6e002b6edbf7f5b776d264253b206.jpg,0,0,1,0
im0214_0_jpg.rf.f28482faeedfcbf4bbfb9f39fa08a6ff.jpg,0,0,1,0
im0097_0_jpg.rf.ef1763e9490d14117d02f037641999ad.jpg,0,0,0,1
im0351_0_jpg.rf.f192782666bde961b9fef4eaff18eaa3.jpg,0,0,1,0
im0102_0_jpg.rf.f270a4ee0560bdb5fb61aba6e8533a0a.jpg,0,0,0,1
im0210_0_jpg.rf.f14afe3293120b1803e594db7cbc2cc8.jpg,1,0,0,0
im0057_0_jpg.rf.f3bc7456a381584e69acd7b19e9c9374.jpg,0,0,1,0
im0084_0_jpg.rf.f53388ad3b77e231e1405f3c98c5b91f.jpg,0,0,0,1
im0046_0_jpg.rf.f3ac9b71a980590f7a9f972aff72352c.jpg,0,0,0,1
im0129_0_jpg.rf.f2c1756db27c8e018b7a257a17ecefa6.jpg,0,0,0,1
im0281_0_jpg.rf.f48f574089e67030372184b2e5804660.jpg,0,0,1,0
im0146_0_jpg.rf.f25af3618dec4142c98c189b958136be.jpg,0,0,0,1
im0086_0_jpg.rf.f55147838ba6c5564e5c9f66aa62ecbb.jpg,0,0,0,1
im0045_0_jpg.rf.f29f982277d584cc2e37a2cea409ea77.jpg,0,1,0,0
im0066_0_jpg.rf.f3e26090f65bf0b9edf9aff2e4fe08e9.jpg,0,0,0,1
im0391_0_jpg.rf.f3d9f092d224686ffb295e25f167c682.jpg,0,0,0,1
im0291_0_jpg.rf.f24f4045d76a76a179df31986f2b21cc.jpg,0,1,0,0
im0232_0_jpg.rf.f416866b4babc1a7cb763902ae791149.jpg,0,0,0,1
im0355_0_jpg.rf.f5f88d18a0b4521ea026085dc3d79cf1.jpg,1,0,0,0
im0032_0_jpg.rf.f6b7bf8f1a88200dac7e809f2ba15bdd.jpg,0,0,0,1
im0318_0_jpg.rf.f6c59f10d6a791e4d987cf823ffc156c.jpg,0,0,1,0
im0053_0_jpg.rf.f41dbf203ffcaccc9bc8b2806ab0a022.jpg,0,1,0,0
im0396_10_jpg.rf.f6420cf5fed7d8bb59472dcf21295345.jpg,1,0,0,0
im0306_0_jpg.rf.f3d3d26d7c48da4a760678a1bb3d8efd.jpg,0,0,1,0
im0064_0_jpg.rf.f4557fcf4ec6cff0f864086ace3be784.jpg,0,0,1,0
im0030_0_jpg.rf.f6d2c149b8e0af483e27db0de4ef0a18.jpg,0,0,0,1
im0313_0_jpg.rf.f963c2fa649650c5b86bd005af3a03d9.jpg,0,0,1,0
im0042_0_jpg.rf.f851d52d47388241a7d4bb1172ad1b58.jpg,0,0,0,1
im0368_0_jpg.rf.f70eb6f04a805712d1de70905d9d72dc.jpg,0,0,1,0
im0219_0_jpg.rf.f864532522bfdcfeb7e59063ad57b8a1.jpg,0,0,0,1
im0363_0_jpg.rf.f918d9db092220c1a44d24da5a1f6c2f.jpg,0,1,0,0
im0188_0_jpg.rf.f9aafa2b8c14e65447bcab5d3b32f763.jpg,0,0,1,0
im0316_0_jpg.rf.f9bd95252927d593754f16992906eafe.jpg,0,0,1,0
im0325_0_jpg.rf.f44405ef3ffa9d4480fc7ef99858839b.jpg,0,1,0,0
im0386_0_jpg.rf.f5b981b680410f07a0a49146054002a9.jpg,0,0,0,1
im0112_0_jpg.rf.f9966812a3a2988f10615c1e051b1a9f.jpg,0,1,0,0
im0275_0_jpg.rf.f92501a0177c751474aa8133519c1fe8.jpg,0,1,0,0
im0251_0_jpg.rf.f77a32d55ce780573e13c8ccde1bc2cd.jpg,0,0,1,0
im0394_0_jpg.rf.f7c8d814c1be711c143700adcffb09ed.jpg,0,0,0,1
im0241_0_jpg.rf.f81ada7cfe80bb2f3994c0318a535a55.jpg,0,1,0,0
im0245_1_jpg.rf.f9722ed980f96bbb8ea9d5f9d89b47ff.jpg,0,1,0,0
im0043_0_jpg.rf.f9fe85fb5c00240f683dc2d21a8d247d.jpg,0,0,1,0
im0025_0_jpg.rf.f9bcfc41d2e4be18cc81927f7818cf07.jpg,0,0,0,1
im0038_0_jpg.rf.fa9ebe032f02f3468d25f5e0e878b230.jpg,0,0,1,0
im0141_0_jpg.rf.f9b99858173bf6ef4f1aa02c9a6ea576.jpg,0,0,1,0
im0370_0_jpg.rf.f73b03c9e5f716bed10f287d9b0ddc3b.jpg,0,0,1,0
im0001_0_jpg.rf.fa890d060a0dfd6e3f7377b193fd3814.jpg,0,0,1,0
im0002_0_jpg.rf.fb91475d5f4ac2702e70daec3045dd4f.jpg,0,0,1,0
im0175_0_jpg.rf.fb196315528560848b4a46e0a9180105.jpg,0,0,0,1
im0040_0_jpg.rf.faa45ed63de7975e7b7ea853daf10637.jpg,0,0,1,0
im0177_0_jpg.rf.fa45c68d2fceaa6f08c65466540353dc.jpg,0,0,1,0
im0185_0_jpg.rf.fb22beb9a0adcc4b24663750774a10e2.jpg,0,0,1,0
im0369_0_jpg.rf.fbce2bfc6a436a0375e63ec11a5b34a7.jpg,0,0,1,0
im0129_0_jpg.rf.f8f502c0d155de585e46bd2124103282.jpg,0,0,0,1
im0053_0_jpg.rf.faa614db7b6989bd205b515272e5e515.jpg,0,1,0,0
im0033_0_jpg.rf.fcf2f7625baf4abc1cbece1dec81c4c1.jpg,0,0,1,0
im0024_0_jpg.rf.faaa4f252948c15ca7fb6dfde484727b.jpg,0,0,0,1
im0239_0_jpg.rf.fb6dbd9fd31b7f99ba20003538b633eb.jpg,0,0,0,1
im0091_0_jpg.rf.fd33a1569c2ccc855c00f0baf56f52af.jpg,0,0,1,0
im0128_0_jpg.rf.faffbea34dd8c474b7c043aa14cde789.jpg,0,1,0,0
im0026_15_jpg.rf.fce6613f00ae0f4877c9497ccc6b5d4b.jpg,1,0,0,0
im0143_0_jpg.rf.fbb99fd7c3579ba1523100efbdcc3db8.jpg,0,1,0,0
im0351_0_jpg.rf.fd8826a56b705523a46ee11f34aabbce.jpg,0,0,1,0
im0275_0_jpg.rf.fcf3b285ca7fd65f1bcdb8a340caf304.jpg,0,1,0,0
im0071_0_jpg.rf.fd2389da1e94cc8de39c75d935b26520.jpg,0,0,0,1
im0095_0_jpg.rf.fd0b1bc9a61f0e195d2e87a3b13ff424.jpg,0,0,0,1
im0391_0_jpg.rf.fdec4dc752b981788876160d1e383bc6.jpg,0,0,0,1
im0263_0_jpg.rf.fd5a03e1dd504b1f4210ca79981a36f2.jpg,0,0,0,1
im0062_0_jpg.rf.fd62039087a7a3f2d0855cf1af1fbcd8.jpg,0,0,1,0
im0122_0_jpg.rf.fcac93f1b5bd7c3b90b402005aed1d03.jpg,0,0,1,0
im0242_0_jpg.rf.fc4f9b30530a50cf5df2a4e47ffc1725.jpg,0,0,0,1
im0322_0_jpg.rf.fd1d5791b60e58a762c8bf3f11ba2799.jpg,0,1,0,0
im0170_0_jpg.rf.ffb50d5d5e958a7a45c106a3e0693c26.jpg,0,0,0,1
im0388_0_jpg.rf.fe76bdf835fda228b41961c8a591cd93.jpg,0,0,0,1
im0170_0_jpg.rf.ff7376d9e8c8450f25447c4146d62cd7.jpg,0,0,0,1
im0376_0_jpg.rf.ff65499e7208a6e0e67fa00683f51ed1.jpg,0,0,1,0
im0366_0_jpg.rf.fdc1eab6c07ec12f5632e3d1361afa12.jpg,0,0,1,0
im0359_0_jpg.rf.ff8344143da41c786e91da3071dadf23.jpg,0,0,1,0
im0252_0_jpg.rf.fe947a14e80bd2b924e7053f5bf44186.jpg,0,0,0,1
im0382_0_jpg.rf.ff78998f7afa137df7316716b52a010a.jpg,0,0,0,1
im0126_0_jpg.rf.ff0c8f8d918a95d83433a1d134bbc675.jpg,0,0,1,0
im0178_0_jpg.rf.ff4104f19a2b1adc37160dcb7ec8b6b1.jpg,0,0,1,0
im0228_0_jpg.rf.00090bec466c916e27bc8006016b3c00.jpg,0,0,1,0
im0339_0_jpg.rf.001e3cad147f5f827b58cef86afed226.jpg,0,0,1,0
im0303_0_jpg.rf.0021e80b501ad697f4eeb306ac03a150.jpg,0,0,0,1
im0380_0_jpg.rf.0038c8e83b0efc40e99376cdd67f1309.jpg,0,0,0,1
im0143_0_jpg.rf.008b9e89d6385d39197aec6c806f4753.jpg,0,1,0,0
im0391_0_jpg.rf.00b30895399daf6e9b8dee726729595f.jpg,0,0,0,1
im0113_0_jpg.rf.00bf21b7fba423514c5021e0cafca2db.jpg,0,0,1,0
im0054_0_jpg.rf.00e11e94f95e1d7fc36fa07b95d39463.jpg,0,0,1,0
im0104_0_jpg.rf.00fed993903202444c2cee7a3b79af12.jpg,0,0,0,0
im0313_0_jpg.rf.01669f3f8ea5cfafd3c9023c7b4e016d.jpg,0,0,1,0
im0323_2_jpg.rf.000ae58198fb0553503f9af18c95689f.jpg,0,1,0,0
im0206_0_jpg.rf.006d640f6685dfce75af13e1116dce11.jpg,0,0,1,0
im0332_0_jpg.rf.0197ccd654fa13f23fd5bb86c09bb765.jpg,0,0,1,0
im0300_0_jpg.rf.01daff9014ca6bb5fa8b2f1f15bb449a.jpg,0,1,0,0
im0026_15_jpg.rf.014b706a25e125fb64b7b5417974b6d7.jpg,1,0,0,0
im0045_0_jpg.rf.0168a554b0d999431a256f399939c078.jpg,0,1,0,0
im0262_0_jpg.rf.021871dd3d3402be0aed7e09e059e1ca.jpg,0,0,0,1
im0158_0_jpg.rf.022bf51e820863130746f71e3cd0a87d.jpg,0,0,0,1
im0398_0_jpg.rf.01d54dda8cf09a881d15596c05702fde.jpg,1,0,0,0
im0068_0_jpg.rf.02ddd359e90405329303a83e36e2eef4.jpg,0,0,0,1
im0110_0_jpg.rf.0039e7b55e8ac618369390ed375bdcf0.jpg,0,0,0,1
im0352_0_jpg.rf.024b92b8c94f52acfb6333d07a5ceba4.jpg,0,0,1,0
im0111_0_jpg.rf.03409b826cd21f23d249d737549cf57d.jpg,0,0,0,1
im0171_0_jpg.rf.03d0b6be3f2aabad7ca21cb155f70991.jpg,0,0,1,0
im0187_0_jpg.rf.03da242336fc3616e1b423f4abde8a1a.jpg,0,0,0,1
im0233_0_jpg.rf.043939045ece803faac972f15745cfb4.jpg,0,0,1,0
im0065_0_jpg.rf.05f2a6efcd766e55d425cdce2a362a3c.jpg,0,0,1,0
im0007_4_jpg.rf.04b9b0863259911ee6201c3d780db788.jpg,0,1,0,0
im0174_0_jpg.rf.061493a1a607bbd163194c743d1984da.jpg,0,0,0,1
im0201_0_jpg.rf.063bb466224c82bf180be888c8946fd9.jpg,0,0,1,0
im0035_0_jpg.rf.042610a809dcd04f05f4723abc98d899.jpg,0,0,0,1
im0119_0_jpg.rf.06344a08d63811993b2e993ae8f18b97.jpg,0,0,0,1
im0183_0_jpg.rf.04659c107a192e9bcd78c1dd9da42d0a.jpg,0,0,0,1
im0367_0_jpg.rf.06a99a4859a4b522605373906d8cfccb.jpg,0,0,1,0
im0134_0_jpg.rf.04f64b80a7ded4798c79789bd940a10a.jpg,0,0,1,0
im0211_0_jpg.rf.06b860d14d54e67c78f44fe36f041865.jpg,1,0,0,0
im0007_4_jpg.rf.04aa59e7bb87aecedb94d33134247a29.jpg,0,1,0,0
im0062_0_jpg.rf.033b43aa4a9f2261b1fb02e4a858aaa7.jpg,0,0,1,0
im0198_0_jpg.rf.05ee0b4b0a0d95849c464cf979b20c17.jpg,0,1,0,0
im0237_0_jpg.rf.0386623543a0559f694153c019daf8b0.jpg,0,0,0,1
im0201_0_jpg.rf.05a16eb2987ad1d6bf160fcc4a5cdabb.jpg,0,0,1,0
im0314_0_jpg.rf.05ea1998536e1b981c69c8840b4c8325.jpg,0,0,1,0
im0045_0_jpg.rf.05f3cb51fe5eb6ad4bb3cd9e69bb05c3.jpg,0,1,0,0
im0268_0_jpg.rf.0617882686237dd8f6714da8fa1e7b89.jpg,0,0,0,1
im0348_0_jpg.rf.0729016f7e2cc2018ced39658afb89d4.jpg,0,0,0,1
im0094_0_jpg.rf.074a1280d3d1ca91f62004586db6dc86.jpg,0,0,1,0
im0298_0_jpg.rf.03eea1572585d20bf90ba3fee92beae9.jpg,0,1,0,0
im0148_0_jpg.rf.07dd04e27c0a59bb769b946dfa360b84.jpg,0,0,0,1
im0147_0_jpg.rf.078f6964f72b5b5196545a7f460ada12.jpg,0,0,0,1
im0280_0_jpg.rf.07f91f6c166f3fe5317bb53ba837d2c0.jpg,0,1,0,0
im0390_0_jpg.rf.07d38175ae38d5e06f80d900181c2876.jpg,0,0,0,1
im0164_0_jpg.rf.063ee4e693d8fe05dfba2194e0162656.jpg,0,0,0,1
im0197_0_jpg.rf.071e817d473fb2eca834bce27e678133.jpg,0,0,1,0
im0052_0_jpg.rf.078400c90fda54fea662322b42bcd397.jpg,0,0,1,0
im0311_0_jpg.rf.07a635eebaf7cbab3e020e8e0dbad10c.jpg,0,0,1,0
im0084_0_jpg.rf.0913b9d4e02b3d1cf8b00936f8a9cbd3.jpg,0,0,0,1
im0158_0_jpg.rf.0936b0a01ef7ac56c6b60f22f82d65b8.jpg,0,0,0,1
im0261_0_jpg.rf.0a09fae3b66b94341cf93945544ec147.jpg,0,0,0,1
im0392_0_jpg.rf.08d76de08bd85589fc4b04eef1b7abcf.jpg,0,0,0,1
im0171_0_jpg.rf.09e5490d3d165cad0c79cb15954ca13e.jpg,0,0,1,0
im0089_0_jpg.rf.0a242642c8cecaa17b7abe0da8bd9785.jpg,0,0,1,0
im0369_0_jpg.rf.088bb9eb979c2e5f070c8e4417e7fd95.jpg,0,0,1,0
im0198_0_jpg.rf.096fc84a68c2611f30c6df4edafda9d8.jpg,0,1,0,0
im0068_0_jpg.rf.095d15b433e0ee6c20bec44a7f7cdc3b.jpg,0,0,0,1
im0065_0_jpg.rf.0909ebfbb662367f75bcfdd247305b93.jpg,0,0,1,0
im0091_0_jpg.rf.0a36bd3aeb72cb0624f909b7b719c181.jpg,0,0,1,0
im0087_0_jpg.rf.0b6d0401c738e5be1d4db72877450575.jpg,0,1,0,0
im0185_0_jpg.rf.0a10d4ca5a1538090fc53269c1b615ec.jpg,0,0,1,0
im0207_0_jpg.rf.0b144bc6accdae757bd990b1789744f6.jpg,0,0,1,0
im0178_0_jpg.rf.0b76d28b13deb7c620ea094eb5d15b11.jpg,0,0,1,0
im0176_0_jpg.rf.0ac6714c68a13047111e76d1ff859afe.jpg,0,0,1,0
im0139_0_jpg.rf.09005a9a74cf24fb0bf515d56ab078ae.jpg,0,0,1,0
im0217_0_jpg.rf.0ac7fdcd2e0719e95ad441d12ae84de3.jpg,0,1,0,0
im0295_0_jpg.rf.0c08e54d36503e33e52b229245a5c811.jpg,0,0,0,1
im0180_0_jpg.rf.0c445fdb3fbdf14ab2263710b019b5ab.jpg,0,0,0,1
im0158_0_jpg.rf.0b96c003ee647494bd5c28a32aac922f.jpg,0,0,0,1
im0388_0_jpg.rf.0bccf0356540809fdd62ff50b8559dfd.jpg,0,0,0,1
im0256_0_jpg.rf.0c3afe94c5ea1317560e41433cac67f1.jpg,0,0,1,0
im0383_4_jpg.rf.0c48c07b83355e30c0a39a1b634b6631.jpg,0,1,0,0
im0104_0_jpg.rf.0c27bc7b841cce3abcbd15bd10872cac.jpg,0,0,0,0
im0072_0_jpg.rf.0bfc8446b7578bc7689cfe7f7ae259a9.jpg,0,0,1,0
im0212_0_jpg.rf.0c0b724b6008ecf774e1c2c93eac8241.jpg,0,1,0,0
im0028_0_jpg.rf.0c36ba06954f9ffa7c29cb007eb5ff7d.jpg,0,0,1,0
im0332_0_jpg.rf.0b255485ead92653c4fd2e9b5e1d11a5.jpg,0,0,1,0
im0287_0_jpg.rf.0d9a9bcfe29968a6415d1b0e8e36ea7b.jpg,0,0,0,1
im0297_0_jpg.rf.0a26f8a6a3814fa3065ebf87e0aa13bd.jpg,0,0,0,1
im0373_0_jpg.rf.0c29f93d2ed3ca1a8b110b78d53330d8.jpg,0,0,0,1
im0307_0_jpg.rf.0c5e97b2d7ef68a220ea580fc0b2fa1a.jpg,0,0,0,1
im0006_0_jpg.rf.0cb1e001dda74f40ac814f5ea1526355.jpg,0,0,0,1
im0139_0_jpg.rf.0f066c15478f48fc2e66ed2faf89614b.jpg,0,0,1,0
im0033_0_jpg.rf.0e1ab3acc0e13403ef8acdb1c26f78b7.jpg,0,0,1,0
im0390_0_jpg.rf.0dd589adc9714d00f5855fc91e1ea6f4.jpg,0,0,0,1
im0050_0_jpg.rf.0c8ab1debaaf8626b93719ff9831660f.jpg,0,0,1,0
im0269_0_jpg.rf.0f8a3100c21aa92367b51e52a0d6f199.jpg,0,0,0,1
im0300_0_jpg.rf.0e9217a5600bcde58a95735f133cec05.jpg,0,1,0,0
im0116_0_jpg.rf.0fa92ca93a9b8f238d835ce53cb591c5.jpg,0,0,1,0
im0333_0_jpg.rf.0fe908e13e23edace8f58de61d06dbdd.jpg,0,0,1,0
im0110_0_jpg.rf.0c97d2d334dd3de9aa7086b938a2bee1.jpg,0,0,0,1
im0125_0_jpg.rf.0d540bdd4986f138db2bc17d8641978d.jpg,0,0,1,0
im0326_0_jpg.rf.0cac0593bd89177bf350b70986a99e02.jpg,0,0,0,1
im0130_0_jpg.rf.0dbdfa380976505fad43b1ad49f9813d.jpg,0,0,1,0
im0165_0_jpg.rf.0fdcdfbf6e127e128517685242c6f787.jpg,0,0,1,0
im0042_0_jpg.rf.0f5b7b31ce2925e092e8dcdec07c5560.jpg,0,0,0,1
im0335_0_jpg.rf.0cf2bd3f235e036217234d8fc4b3b182.jpg,0,0,1,0
im0344_0_jpg.rf.0cc84ce838b9fe93f3623e1c9032698e.jpg,0,0,1,0
im0105_0_jpg.rf.0d987c751e62f8e757af946646a9ba77.jpg,0,0,0,1
im0281_0_jpg.rf.0fb7f3045c94b359c88243fd4179ec97.jpg,0,0,1,0
im0064_0_jpg.rf.0f0cd9a3ab70d1aa09087b718d1c986b.jpg,0,0,1,0
im0353_0_jpg.rf.0dfc3387cf7f4c5043b14e134abc2572.jpg,0,0,1,0
im0031_0_jpg.rf.1091c758422a47a2f93ec401cfbe2bb8.jpg,0,0,1,0
im0379_0_jpg.rf.101435b419abadd188b943b834509f20.jpg,0,0,0,1
im0184_0_jpg.rf.0ed3f73cfa7abc7ccfedb3aa65a4b978.jpg,0,0,0,1
im0232_0_jpg.rf.0eeca22efabe6bec2767d8f9745f251c.jpg,0,0,0,1
im0375_0_jpg.rf.10ca7e7f05bfd2de7f12e1bbbde64e58.jpg,0,1,0,0
im0241_4_jpg.rf.0d00efb88b0c6d0b3e50531cb09bcc48.jpg,0,1,0,0
im0146_0_jpg.rf.11348f859df87bd6f1dbdbb869a33008.jpg,0,0,0,1
im0146_0_jpg.rf.11d65dda5c008c95f3dc96c8dc6e8cf7.jpg,0,0,0,1
im0087_0_jpg.rf.1106d78f480b844f643e968d4b4c8224.jpg,0,1,0,0
im0195_0_jpg.rf.11da084f4aeba05702870701f6ed4eb0.jpg,0,0,1,0
im0092_0_jpg.rf.11aa8fad01c21bd4c11e4b33ad5a49c0.jpg,0,0,0,1
im0348_0_jpg.rf.11f879573b774c7b4da526e46f56adc5.jpg,0,0,0,1
im0258_0_jpg.rf.11e49e846500153f5f7d85260bd753a2.jpg,0,1,0,1
im0175_0_jpg.rf.0fff2067cfa5cbf3e80178a306807ff9.jpg,0,0,0,1
im0386_0_jpg.rf.11f1cf08177c28d29d2debef6c624617.jpg,0,0,0,1
im0113_0_jpg.rf.12484f0a2530b677abc3433b04dd848f.jpg,0,0,1,0
im0254_0_jpg.rf.121237b405ef9eab5fd5cef911705052.jpg,0,0,0,1
im0013_0_jpg.rf.1210df7db485528ef9a8c092f7109939.jpg,0,0,1,0
im0257_0_jpg.rf.1253a62b30cb789c5ec36028d96a7325.jpg,0,1,0,0
im0282_0_jpg.rf.1074530556d000403721fc6a6f0a1677.jpg,0,1,0,0
im0314_0_jpg.rf.11ebbf188d7475ff865f25fd1f055e5d.jpg,0,0,1,0
im0079_0_jpg.rf.13389d39e9e68eb17d47a85380143ffd.jpg,0,0,0,1
im0308_0_jpg.rf.1336d7f96b828f0b13eb1e18149b20d5.jpg,0,0,1,0
im0321_0_jpg.rf.127161457af39223cb583abd0a534c4c.jpg,0,1,0,0
im0094_0_jpg.rf.128e6c73b5764b35aff40ae49c65ed11.jpg,0,0,1,0
im0095_0_jpg.rf.1256fcd94fad22482020c6875d879665.jpg,0,0,0,1
im0106_0_jpg.rf.10f0e4ecc90b6c69cef925fa82beaf3e.jpg,0,0,1,0
im0287_0_jpg.rf.14de6c00c7259a6f5c3a6670950f1622.jpg,0,0,0,1
im0166_0_jpg.rf.14df3ad6f6d05fc916c9f0985d31d2e5.jpg,0,0,1,0
im0121_0_jpg.rf.127794e2e693db3d6f50cbd1426be1d6.jpg,0,0,1,0
im0242_0_jpg.rf.15417e674fdf4556b1a136441fe06bfb.jpg,0,0,0,1
im0302_0_jpg.rf.12b0007928262a09c19429d14e396d5f.jpg,0,0,1,0
im0377_0_jpg.rf.12fd5145f37e0e1164f7282167a3a1a8.jpg,0,0,0,1
im0286_0_jpg.rf.13d7f312ff50f5635d3dfee79f16bfcd.jpg,0,0,0,1
im0125_0_jpg.rf.13083ba45fa43f7d78f79614a24495d0.jpg,0,0,1,0
im0317_0_jpg.rf.12f217e3c642730dc962fd1d4e17e268.jpg,0,1,0,0
im0399_0_jpg.rf.13bbd3cebbf32d14a8607254ce2cf52b.jpg,0,1,0,0
im0374_0_jpg.rf.14f6d883b081174afbe2174124403435.jpg,0,0,0,1
im0250_0_jpg.rf.13897d5431282882bfe9511f009adaf9.jpg,0,0,0,1
im0333_0_jpg.rf.14f9abc1ecc99c8f56e686699f11d981.jpg,0,0,1,0
im0093_0_jpg.rf.13bd97df43f495555dd44c1247c2acfe.jpg,0,0,1,0
im0089_0_jpg.rf.1343a9bcd3565da3cb80a493431555f2.jpg,0,0,1,0
im0299_0_jpg.rf.14356c1f2922a27922ddf5cb36025ca0.jpg,0,0,0,1
im0293_0_jpg.rf.15db4e32dafc9d8d4b794c4903716beb.jpg,0,1,0,0
im0296_0_jpg.rf.15303c3bd7557f738569e50192d5312e.jpg,0,1,0,0
im0085_0_jpg.rf.1736075a997eb0387be631f50c285fbe.jpg,0,0,1,0
im0293_0_jpg.rf.1630dbbdf45f787e170a7c92dd3870e1.jpg,0,1,0,0
im0303_0_jpg.rf.158c2925bde6cd5aad8d04b6d372e5b5.jpg,0,0,0,1
im0277_0_jpg.rf.16de0256670b1d02ff762e8457f7ed99.jpg,0,1,0,0
im0198_0_jpg.rf.15affeecb915554e47a94d0066b4e7ee.jpg,0,1,0,0
im0072_0_jpg.rf.169de3c1433c304fb2aae80325a0d104.jpg,0,0,1,0
im0149_0_jpg.rf.17be078f4d8161b1da5dad50366df809.jpg,0,0,0,1
im0243_0_jpg.rf.17ce8f5b52adbb9910a4a7c31bfa6949.jpg,0,0,0,1
im0148_0_jpg.rf.1658977b2a22ff8540c07be47b624ff2.jpg,0,0,0,1
im0276_1_jpg.rf.17bd80e1c275d44b6f2df4d965402097.jpg,0,1,0,0
im0388_0_jpg.rf.17d3a23c6e42ef062b89d2a516a3c8fd.jpg,0,0,0,1
im0261_0_jpg.rf.1961ae327be2a8f8297d7a37601c5152.jpg,0,0,0,1
im0059_0_jpg.rf.18374c5abf80439ba00a30f821640253.jpg,0,0,1,0
im0290_0_jpg.rf.189a4f8d96b3d09afa40df589d3afd5b.jpg,0,0,1,0
im0212_0_jpg.rf.1948455da8de7184018bd247e1f7affd.jpg,0,1,0,0
im0087_0_jpg.rf.164332135360f76eaea94b8db6777cda.jpg,0,1,0,0
im0216_0_jpg.rf.15b2c24c7f3eb76703addf4a70656e78.jpg,0,1,0,1
im0213_0_jpg.rf.1818ec4101fa0a1e95fb2b29ef24f5f6.jpg,0,0,0,1
im0327_0_jpg.rf.1a395ccfc08daf703d4efd0b95bed3ac.jpg,0,0,0,1
im0049_0_jpg.rf.18fe4b700f927fdc2ddbc316991667a9.jpg,0,0,1,0
im0186_0_jpg.rf.176fa97bde0696fc0ce0120c66712332.jpg,0,0,1,0
im0163_0_jpg.rf.16f158a9a06d6eda7e680796de6b3f3c.jpg,0,0,0,1
im0370_0_jpg.rf.19dc12ddfc7718db6f344ff90489f95b.jpg,0,0,1,0
im0268_0_jpg.rf.19be4219fda32c9269954cda869b16fc.jpg,0,0,0,1
im0003_0_jpg.rf.1a75e7260233eb602279d986a67b0315.jpg,0,0,0,1
im0277_1_jpg.rf.1b0ae99fc34d5b4dded71099b0ec94ed.jpg,0,1,0,0
im0173_0_jpg.rf.1b678217c416dcd672e5e9cf9f052221.jpg,0,0,0,1
im0107_0_jpg.rf.1a77a640339db2cd895d33f0162ef5c9.jpg,0,0,0,1
im0302_0_jpg.rf.17bd7c8a321d66e0c43cc3461600e52b.jpg,0,0,1,0
im0181_0_jpg.rf.19b2ff8fd9efec002f83d94c6d762f7a.jpg,0,0,0,1
im0023_0_jpg.rf.154799e8924f8fcb3c4fc41b977b2c01.jpg,0,0,0,1
im0032_0_jpg.rf.1ac5a1a9b80b395582ae1166439c53c3.jpg,0,0,0,1
im0322_0_jpg.rf.1b051313e93aa969e5749970183e75a0.jpg,0,1,0,0
im0326_0_jpg.rf.1adac7f52895e405b6a3ed7d4f170554.jpg,0,0,0,1
im0079_0_jpg.rf.1a06a3408af560b795697ed5c677fe53.jpg,0,0,0,1
im0019_0_jpg.rf.1baf9f0a820421a44317fd221b63905b.jpg,1,0,0,0
im0392_0_jpg.rf.1b0324287d71f2fadeb2dc2e1e56222d.jpg,0,0,0,1
im0356_0_jpg.rf.1d0b9f946b46b91a28b484407e6f5007.jpg,0,0,0,1
im0148_0_jpg.rf.1dc83a29f9cb73be6ff68503f4c15f1b.jpg,0,0,0,1
im0163_0_jpg.rf.1bc037de7da387d334b1d2faa6eb92a7.jpg,0,0,0,1
im0127_0_jpg.rf.1ae58b50a41dd4058d0ea2f02f32a8c5.jpg,0,0,1,0
im0192_0_jpg.rf.1c133d2b5b39a3a89434a801675b1a86.jpg,0,0,1,0
im0357_0_jpg.rf.1bdccc93ea5827c5c7023722e856c990.jpg,0,0,0,1
im0034_0_jpg.rf.1b323e8059350620cfa2b24d321d76c2.jpg,0,0,0,1
im0057_0_jpg.rf.1a2ceef5a1b44f62cc725cd5b332b872.jpg,0,0,1,0
im0292_0_jpg.rf.1d82cb0ddaccd233865f83674b6463ae.jpg,0,0,0,1
im0078_0_jpg.rf.1e04f1aef6bd0553833a60def9c87a0c.jpg,0,0,0,1
im0129_0_jpg.rf.1f1e69c6b23f760a63f7212d8d606f13.jpg,0,0,0,1
im0400_0_jpg.rf.186e84a161357db050c5b6ee88a63bbf.jpg,0,1,0,0
im0360_0_jpg.rf.1e1a08879fd210c4489ae6670fc16058.jpg,0,0,1,0
im0288_0_jpg.rf.1dc1c86817bc306b4cd5d1ee9e9dda12.jpg,0,0,1,0
im0384_0_jpg.rf.1c0e60d22ed1428bed3d29e9ea3868dc.jpg,0,0,1,0
im0280_0_jpg.rf.1f55b089f420102553e2ab63e6ab37ed.jpg,0,1,0,0
im0101_0_jpg.rf.1f844000625a693d0e8bf3004f68fd53.jpg,0,0,0,1
im0160_0_jpg.rf.1e5187dfd7204744d6dea3f0e2d4faff.jpg,0,0,1,0
im0131_0_jpg.rf.1fb547f9a41db365eda6bcf322814d4f.jpg,0,0,0,1
im0056_0_jpg.rf.1df7de49abb5eb88699b2e8bfcd74636.jpg,0,0,0,1
im0183_0_jpg.rf.1e55706db358b44faba2b7b91e0b7e05.jpg,0,0,0,1
im0057_0_jpg.rf.21312dce33e0bf387b0c0c79ea2ac5ce.jpg,0,0,1,0
im0393_0_jpg.rf.202e48614b2a57f5455f6fcc4d7d20f5.jpg,0,0,0,1
im0273_0_jpg.rf.205b465a4bcaa244d292b482882a57c2.jpg,0,1,0,0
im0003_0_jpg.rf.1ec3e2ab2698f416bc613f473471a3ba.jpg,0,0,0,1
im0018_0_jpg.rf.1ff74f3a526c3b8845c2291cdeaf51a2.jpg,0,1,0,0
im0222_0_jpg.rf.1f890a625b25fa924c082782f98ae2f8.jpg,0,0,1,0
im0116_0_jpg.rf.209214ac967d2c37046f064d554c3c0b.jpg,0,0,1,0
im0055_0_jpg.rf.1ff75aff523048dc2e980b6768d89ea4.jpg,0,0,0,1
im0004_0_jpg.rf.202d15c8de7aa9c6bc633f82d71afc69.jpg,0,0,0,1
im0199_1_jpg.rf.2399a8caea5db7df77df65e1779ceabf.jpg,0,1,0,0
im0383_3_jpg.rf.240cbf78bb684fb31ffa8d86f70a80a9.jpg,0,1,0,0
im0266_0_jpg.rf.23c9f3c90b853d530c1f77f4943ce7b4.jpg,0,0,0,1
im0161_0_jpg.rf.20da2b880c1548264184d920224f8f18.jpg,0,0,1,0
im0263_0_jpg.rf.21a6b272da9b7a39258a97a0aff6fb86.jpg,0,0,0,1
im0188_0_jpg.rf.234eee3688b0f5ea6529ee0c7a4d8759.jpg,0,0,1,0
im0392_0_jpg.rf.224dc092b2171a739340a3b2b3e80343.jpg,0,0,0,1
im0146_0_jpg.rf.2468e15d8a0b76d765713b71579e5719.jpg,0,0,0,1
im0258_0_jpg.rf.24826b05f306f226663728998a23dade.jpg,0,1,0,0
im0124_0_jpg.rf.243a7b5ef25585942690c0617446950b.jpg,0,0,1,0
im0048_0_jpg.rf.25190c540495023c0015713e74877744.jpg,0,0,1,0
im0343_0_jpg.rf.2108de877c34e236c9de8ce19a36852e.jpg,0,0,0,1
im0340_0_jpg.rf.26ca4366f07218f7e5d808a90d093dc7.jpg,0,0,1,0
im0240_0_jpg.rf.22bda9b2eb7ea2917a31a95c703130b5.jpg,0,0,0,1
im0208_0_jpg.rf.2379c2cd65ad24fd2ed6f0221074db42.jpg,0,0,0,1
im0182_0_jpg.rf.24c7473d67604cc2f0116cc3f2f217b6.jpg,0,0,0,1
im0273_0_jpg.rf.2512b8b42b479f208ad143fbc0c6ee3c.jpg,0,1,0,0
im0073_0_jpg.rf.2509f29efac8a058f35f6f3633999fd1.jpg,0,0,1,0
im0277_0_jpg.rf.24579b42b53f8c702d58aad2e593f522.jpg,0,1,0,0
im0265_0_jpg.rf.251329d424b6bef01489d6842016b9a5.jpg,0,0,0,1
im0027_0_jpg.rf.25c5c6decf8a3a21aa36a72d8929f18f.jpg,0,0,0,1
im0079_0_jpg.rf.27293a1578e1bf0a8813df92bbe5d4ed.jpg,0,0,0,1
im0143_0_jpg.rf.269045cee4a03901616faac55a153657.jpg,0,1,0,0
im0353_0_jpg.rf.27abe602b05390a874393a97095fa45c.jpg,0,0,1,0
im0216_0_jpg.rf.279aee2ef8f61181f813962c51fd3da4.jpg,0,1,0,1
im0255_0_jpg.rf.26df8d6ebc11a6aea588c9494e277152.jpg,0,0,0,1
im0173_0_jpg.rf.275592c60c95b427b3cd7e716aae670d.jpg,0,0,0,1
im0209_0_jpg.rf.277e5b8f49c282cd9b813f4a0b53b6a5.jpg,0,0,1,0
im0120_0_jpg.rf.1a45c31ba46bb16242791dbec00fe5d4.jpg,0,0,0,1
im0070_0_jpg.rf.54e2a80f8a11ed370c9cb7ceedf8264e.jpg,0,0,1,0
im0258_0_jpg.rf.550612837d4de6ba7716004010776c93.jpg,0,1,0,0
im0323_0_jpg.rf.550f753420a5580096dab4571eb89407.jpg,0,1,0,0
im0207_0_jpg.rf.553188557d0451f2952909d73bc3cff9.jpg,0,0,1,0
im0105_0_jpg.rf.554bbfbf1c05943cac80bf936fe078e4.jpg,0,0,0,1
im0328_0_jpg.rf.5583e6892937430e813890c87746f455.jpg,0,0,0,1
im0224_0_jpg.rf.55a1196d78474dedc59c05bab2a40a65.jpg,0,0,1,0
im0381_0_jpg.rf.55ae970a45d23d0fd0471fb8443e58a2.jpg,0,0,0,1
im0119_0_jpg.rf.55bb93339709287e744a85ed45c354f3.jpg,0,0,0,1
im0134_0_jpg.rf.55dcb0e7dd30abe1344675f4a25328dc.jpg,0,0,1,0
im0262_0_jpg.rf.55f518123b79f55c3a242801c9c10fd0.jpg,0,0,0,1
im0279_0_jpg.rf.564f81c72446130dc793a9db9196ce62.jpg,0,0,1,0
im0071_0_jpg.rf.566ce33548c7c26277fcaf2aaf77f2e9.jpg,0,0,0,1
im0379_0_jpg.rf.56725dd5e1de37172e6292fbb43d8620.jpg,0,0,0,1
im0046_0_jpg.rf.56fd38914317c87c6aafe8254ee35008.jpg,0,0,0,1
im0103_0_jpg.rf.5778a51840c2cd4deda9c4d5611aa0c6.jpg,0,0,1,0
im0325_0_jpg.rf.577aca7f534c5b96fd485209ec123237.jpg,0,1,0,0
im0223_0_jpg.rf.56ebda633c5d45486f20d542d66b872d.jpg,0,0,1,0
im0245_0_jpg.rf.5780a696d42f77151c624e4df940bc10.jpg,0,1,0,0
im0365_0_jpg.rf.57e8f574c3b876be421a4d65f49c5614.jpg,0,0,1,0
im0106_0_jpg.rf.57b5fdbc3295b8d9e6198413a0634d40.jpg,0,0,1,0
im0349_0_jpg.rf.587d91159074b2132f087467eb4cfacf.jpg,0,0,0,1
im0183_0_jpg.rf.58806a6637c3fd73e1b899fc7bde6a73.jpg,0,0,0,1
im0210_0_jpg.rf.59823dc225d3d2ab7c92733fba57a1fc.jpg,1,0,0,0
im0321_0_jpg.rf.596e5ae3f0111015a711a930f3283437.jpg,0,1,0,0
im0291_0_jpg.rf.590cfdd0f36647a8f936d25d0130202c.jpg,0,1,0,0
im0112_0_jpg.rf.58be3440f6542641d36ffecafaf3aaf3.jpg,0,1,0,0
im0296_0_jpg.rf.59de9c3053b7d92c26d711932ca94a43.jpg,0,1,0,0
im0308_0_jpg.rf.5ae48b7b1c29037f605578d663d7a422.jpg,0,0,1,0
im0294_0_jpg.rf.594424966745a5779f88514c8393187e.jpg,0,0,0,1
im0304_0_jpg.rf.5954d20e57727283f4bde1a1b7a2dd27.jpg,0,0,0,1
im0124_0_jpg.rf.587ed491d027f29b02f53bf444ce019f.jpg,0,0,1,0
im0333_0_jpg.rf.5de2ee1c98e92b3526f1cbd78f6eb5b9.jpg,0,0,1,0
im0361_0_jpg.rf.5979e916297ed9f065f451870d5c0619.jpg,0,0,1,0
im0008_0_jpg.rf.5bb67e2b61dab3e8543ad52b5342f7cb.jpg,0,0,0,1
im0395_0_jpg.rf.5c33f9597fe5382a53e75e1f4eadd89a.jpg,0,0,0,1
im0037_0_jpg.rf.5ccd7aae229da37a382d9f29751c40b3.jpg,0,0,0,1
im0322_0_jpg.rf.5dcbd5c9914bf6e2fa09b5550f580d03.jpg,0,1,0,0
im0397_0_jpg.rf.5c268e704175bdcd562416191849e1f6.jpg,1,0,0,0
im0211_0_jpg.rf.5b044211d40d193bdb14a38da1155c6c.jpg,1,0,0,0
im0148_0_jpg.rf.5da88c8d606006a51a2d108207e09577.jpg,0,0,0,1
im0282_0_jpg.rf.5a653b1d817f37ec1ba008825cd940a0.jpg,0,1,0,0
im0385_0_jpg.rf.5c73ccf200aecf0fc436fcf44d23c112.jpg,0,0,1,0
im0380_0_jpg.rf.58d83a2e1a08c6d637067df22c0bc987.jpg,0,0,0,1
im0007_4_jpg.rf.59aaefc6d33d9e7b5b07b866bf0e8069.jpg,0,1,0,0
im0276_1_jpg.rf.5dee334d65e29614ab79ac0d92ff175a.jpg,0,1,0,0
im0198_0_jpg.rf.5dfae5ac99f7c1d0692249305754002a.jpg,0,1,0,0
im0290_0_jpg.rf.5eb690a3058a02554c6f23e0d1f73406.jpg,0,0,1,0
im0347_0_jpg.rf.5eb654536ff233af4367fb8136f8a3e9.jpg,0,0,1,0
im0137_0_jpg.rf.5ba31579498f9525223cd8e5654122d4.jpg,0,0,1,0
im0391_0_jpg.rf.5fc96d26d06131980b096d4682b3af14.jpg,0,0,0,1
im0363_0_jpg.rf.5f76e1ba8ac5bda0b5b1bc1a26b6cc76.jpg,0,1,0,0
im0263_0_jpg.rf.5fc57647fbea6bae3659b2e2ff7efed9.jpg,0,0,0,1
im0029_0_jpg.rf.5f156ac1868fe14e002a077c625869ba.jpg,0,0,0,1
im0344_0_jpg.rf.5f3d61604be7af0b2f8ea69348a1de2c.jpg,0,0,1,0
im0296_0_jpg.rf.601f92d151741b19895c0b06780136d5.jpg,0,1,0,0
im0195_0_jpg.rf.5cda6d2c345a794310105b6f33f74f0e.jpg,0,0,1,0
im0357_0_jpg.rf.60ba5fbd064dc82d886f14bd26db5406.jpg,0,0,0,1
im0044_0_jpg.rf.6043339f51048ebd1208b4382ab1b7e1.jpg,0,0,0,1
im0020_0_jpg.rf.6078930a12144d22265ab4fa3313d9ac.jpg,0,0,1,0
im0118_0_jpg.rf.5e982d351f14ed5924c33f4d145a85a6.jpg,0,0,1,0
im0180_0_jpg.rf.5f6b0c32a5f120d3ea88469612c6373f.jpg,0,0,0,1
im0328_0_jpg.rf.6294a5b75e9dbc032346ab879c0ae691.jpg,0,0,0,1
im0169_0_jpg.rf.6047b33562161164f2eac0789549832a.jpg,0,0,1,0
im0264_0_jpg.rf.61012358396dd971818b77c01fb7b13b.jpg,0,0,0,1
im0151_0_jpg.rf.63513f9d7255b6c94a9f8ca4c57358ab.jpg,0,0,0,1
im0389_0_jpg.rf.60e7bab184ff2ba15485c5c4e67108fb.jpg,0,0,0,1
im0370_0_jpg.rf.61310987ba587ea12b4ec35b7c609656.jpg,0,0,1,0
im0209_0_jpg.rf.5fbe7ecb488c3d20460e7f3aefd6ebf7.jpg,0,0,1,0
im0006_0_jpg.rf.61f99558cd17a147cc487fa5c4f5c670.jpg,0,0,0,1
im0039_0_jpg.rf.60c9dd1262669bdf244e8d55f448556f.jpg,0,0,0,1
im0391_0_jpg.rf.6371cd69ec3303460db524c06ec7623f.jpg,0,0,0,1
im0102_0_jpg.rf.6250c2346bf5d895b7e8bfb8ed355fd8.jpg,0,0,0,1
im0021_14_jpg.rf.649b097231d5d61672aaedb32704aede.jpg,1,0,0,0
im0239_0_jpg.rf.641e1771ade7d518cde9c3cc15d03e42.jpg,0,0,0,1
im0142_0_jpg.rf.630b510c32c365ccb35da32209e12d2c.jpg,0,0,0,0
im0038_0_jpg.rf.6216571e85dd6d5f64126c3ee6d38421.jpg,0,0,1,0
im0257_0_jpg.rf.607aa0f8474acb9bd7b7ddfcc0f0ebd6.jpg,0,1,0,0
im0169_0_jpg.rf.59ccaeb7f338d50ec0256c416dcdc950.jpg,0,0,1,0
im0252_0_jpg.rf.6457d38e6a541da382983bad9b5f89ff.jpg,0,0,0,1
im0155_0_jpg.rf.63e922e2dcbddb95d184639e261d4927.jpg,0,0,1,0
im0107_0_jpg.rf.619a3b9435da53f1ac7aa51170f1e4f9.jpg,0,0,0,1
im0251_0_jpg.rf.64ff1a95d6f453966c91700c3b6d56c9.jpg,0,0,1,0
im0266_0_jpg.rf.630ec7b6321f3018dde36c843e930380.jpg,0,0,0,1
im0205_0_jpg.rf.632ee56d85795f33793993bed89fb0b7.jpg,0,0,1,0
im0359_0_jpg.rf.65ce3ff2fe5faebcd378ee94f9fd3664.jpg,0,0,1,0
im0129_0_jpg.rf.65de51c5faef9e7309c6e7425338f950.jpg,0,0,0,1
im0084_0_jpg.rf.621fdffc2cfdc3a422b1461d7f2237bd.jpg,0,0,0,1
im0306_0_jpg.rf.661682592ce6a33249e272d89be7868a.jpg,0,0,1,0
im0397_0_jpg.rf.64689da34aa2e76439a22b129c32c09a.jpg,1,0,0,0
im0111_0_jpg.rf.67e248db165a3de77ef8d44c7b1fc721.jpg,0,0,0,1
im0353_0_jpg.rf.69556274ddc2edae8172404486d264d4.jpg,0,0,1,0
im0132_0_jpg.rf.6652ae256efd1af412bd0fdef74496b7.jpg,0,0,1,0
im0347_0_jpg.rf.65b7c2dae20e4053f2233d3debcc8bf6.jpg,0,0,1,0
im0241_4_jpg.rf.6778473ff87ee20d5eb107e09307463b.jpg,0,1,0,0
im0330_0_jpg.rf.65b1c3b3db4d410a6e81fed4c77d3919.jpg,0,0,1,0
im0354_0_jpg.rf.6abbcdb0dbbefc63edfbe7bbcc4fb05e.jpg,0,0,1,0
im0325_0_jpg.rf.6971447a0626378c09dabfb9f0aff905.jpg,0,1,0,0
im0326_0_jpg.rf.6865260127c37122382bab73fd09069a.jpg,0,0,0,1
im0239_0_jpg.rf.67e0a3f5de4742bf62dcb282beaae9cf.jpg,0,0,0,1
im0213_0_jpg.rf.669958c8ae19e54fa7f8a4dfed60775d.jpg,0,0,0,1
im0381_0_jpg.rf.6a11b226d774bcdea021eb4e783d8f84.jpg,0,0,0,1
im0182_0_jpg.rf.672741123dfa086678fe756fc2d6b999.jpg,0,0,0,1
im0368_0_jpg.rf.697722d021f867f9c465da4e459c4901.jpg,0,0,1,0
im0342_0_jpg.rf.669c384daa0425a773852023609635b6.jpg,0,0,1,0
im0212_0_jpg.rf.6a76debb4496b77b78d399c4c999ffdc.jpg,0,1,0,0
im0301_0_jpg.rf.6916c88043990da01a41d467382979d3.jpg,0,0,0,1
im0141_0_jpg.rf.685145ea602eda44d662e506bc541fa3.jpg,0,0,1,0
im0390_0_jpg.rf.69b9d615ed1aa1bbfd219e1f7a26730e.jpg,0,0,0,1
im0276_1_jpg.rf.6ad4cd8fdb8a78e2a858c226c9e2fd39.jpg,0,1,0,0
im0248_0_jpg.rf.6c7a69ea507ac7f9eb8dac98c8ecad37.jpg,0,0,0,1
im0350_0_jpg.rf.694fb05935e68bd281f3c15f03a23e61.jpg,0,0,1,0
im0199_1_jpg.rf.6e56df6a36611fe8f2d16f510dfb70c2.jpg,0,1,0,0
im0159_0_jpg.rf.68e40e694fcb930847eb9f7c052d7e53.jpg,0,0,0,1
im0301_0_jpg.rf.6daa94e0c1662da22f926d9bbecaf34a.jpg,0,0,0,1
im0138_0_jpg.rf.6bdddc52ed880daf60bf2cc6ec5590ff.jpg,0,0,1,0
im0375_0_jpg.rf.6e7dae968dc45d8f5a3f94f51cf39ccf.jpg,0,1,0,0
im0346_0_jpg.rf.6d7d1f480aae29e6f6b11fc5ec7cb83d.jpg,0,0,0,1
im0022_0_jpg.rf.6ea05f48cbc4d389cb8fa9a34a73bdee.jpg,0,0,0,1
im0196_0_jpg.rf.6e84e9784c5c59c65f23d1d52d495075.jpg,0,0,1,0
im0011_0_jpg.rf.6e9a1897ad39b91661d9834b8297af03.jpg,0,0,0,1
im0300_0_jpg.rf.6c5a85447e9db8ae14f4b7ba69697656.jpg,0,1,0,0
im0159_0_jpg.rf.6f3c0c006221ccf1395b5a2fcc6fb0bf.jpg,0,0,0,1
im0023_0_jpg.rf.6afa5f9612ab419be363691d7f675634.jpg,0,0,0,1
im0199_0_jpg.rf.6db4b58959eb4bb76e808263e0c25e04.jpg,0,1,0,0
im0241_0_jpg.rf.6b94dcd775c3f25fc6418aa316f9c6fb.jpg,0,1,0,0
im0060_0_jpg.rf.6cfe25ea8d64b8c7713c9a58ab486f0c.jpg,0,0,1,0
im0010_0_jpg.rf.6e7cb07c5b6b579ab807591de770a9f3.jpg,0,0,0,1
im0349_0_jpg.rf.6edda2971d8c665cc3e939b86f818f08.jpg,0,0,0,1
im0284_0_jpg.rf.6f7150b761d87f588e35faec888fdf79.jpg,0,1,0,0
im0259_0_jpg.rf.6f28c0117aa3ef137b7d271f1d4c5b83.jpg,0,0,0,1
im0245_0_jpg.rf.6fc615fd727d5638ba0905ba4f46d36f.jpg,0,1,0,0
im0297_0_jpg.rf.6f403c695e1b41e0b0a2ea3bf3a03dc5.jpg,0,0,0,1
im0246_0_jpg.rf.707167d025d4d689cbd461d3bc1cd575.jpg,0,0,1,0
im0090_0_jpg.rf.6f5a2576c84b23ad1df3aed3598e4c81.jpg,0,0,1,0
im0315_0_jpg.rf.6edc88b162bc20e2594d43083049bd12.jpg,0,0,1,0
im0105_0_jpg.rf.6a6892c98b556054cf2bfd549b879dc1.jpg,0,0,0,1
im0359_0_jpg.rf.6f4a3a958f564db56a0b4a70f6467946.jpg,0,0,1,0
im0056_0_jpg.rf.7078212134914c55338636a843dbd454.jpg,0,0,0,1
im0146_0_jpg.rf.707892dd617d2ebfba9877d24104d1e2.jpg,0,0,0,1
im0010_0_jpg.rf.7159709c520bf79dedccb5335043628e.jpg,0,0,0,1
im0062_0_jpg.rf.72d61601268d106b7f90f3e4a1341c11.jpg,0,0,1,0
im0206_0_jpg.rf.71866fc70ec4bbad659681e3b08b6cc7.jpg,0,0,1,0
im0030_0_jpg.rf.71c40d58517c79af11b45df038f48589.jpg,0,0,0,1
im0184_0_jpg.rf.73a990089c16cceb9499e7dfb032bd5d.jpg,0,0,0,1
im0008_0_jpg.rf.7321e3b6bac9106e3334da173eeb188b.jpg,0,0,0,1
im0389_0_jpg.rf.720090c29c5e259ec5b06382ca55c53d.jpg,0,0,0,1
im0071_0_jpg.rf.722a70c4bc1d93fc4d47818bfbd48a84.jpg,0,0,0,1
im0193_0_jpg.rf.73a4f0175c3dd9a59bfe58ec5c023e70.jpg,0,0,1,0
im0270_0_jpg.rf.7342f7ad48d0d8f5b94f4186710b4bc7.jpg,0,0,1,0
im0038_0_jpg.rf.740c9f11baa2053269323d56259fd81b.jpg,0,0,1,0
im0100_0_jpg.rf.73d1482e9f82b4921d08cbc72b69bb3d.jpg,0,1,0,0
im0031_0_jpg.rf.721061579f9dd113af1c10d7a57a8b9d.jpg,0,0,1,0
im0157_0_jpg.rf.72b4183ab52337691d566e646007939a.jpg,0,0,1,0
im0246_0_jpg.rf.72db123a128a1c94c73b746d204d3d0b.jpg,0,0,1,0
im0374_0_jpg.rf.715eb39f640fef86e216f6e1a2ed4ce7.jpg,0,0,0,1
im0400_0_jpg.rf.7294d8e3f922e9dea85599ec07bc4bef.jpg,0,1,0,0
im0072_0_jpg.rf.7460f2ac652e7e583db6cd0467341233.jpg,0,0,1,0
im0053_0_jpg.rf.740cb3b1273497af1bb2ae35c5fb05c1.jpg,0,1,0,0
im0070_0_jpg.rf.71fc8166529ead38b0f69659ded60102.jpg,0,0,1,0
im0268_0_jpg.rf.7440daad1933e356e9c59f3b8c3b023b.jpg,0,0,0,1
im0059_0_jpg.rf.724b96a3ae7b9fa32f455a85f4bb67c1.jpg,0,0,1,0
im0001_0_jpg.rf.73d1dddd51611c3b4357187b85987ce8.jpg,0,0,1,0
im0079_0_jpg.rf.71cf80fbb620b601da266d4258a5690b.jpg,0,0,0,1
im0090_0_jpg.rf.7387d0e6bcc13d48ccae29cfb41901b6.jpg,0,0,1,0
im0274_0_jpg.rf.75ddf994d5f2892f2df23f06b3bf9aa7.jpg,0,0,1,0
im0187_0_jpg.rf.76cab829deda0ab1925b1aaffe48dbf1.jpg,0,0,0,1
im0005_0_jpg.rf.759d29f3af42fa18198df9f7d7627884.jpg,1,0,0,0
im0320_0_jpg.rf.7612c9108e78523f88a68d6ffd78886c.jpg,0,0,1,0
im0280_0_jpg.rf.73be7147f7f8246274dbec9bbd4c7462.jpg,0,1,0,0
im0148_0_jpg.rf.76143fb9f1a4295f323e86ebead82a5c.jpg,0,0,0,1
im0334_0_jpg.rf.75acb3379f9e8ef8d2b56f7728dc937e.jpg,0,0,1,0
im0039_0_jpg.rf.773b97ed65a45dcea77a8e4b3a135067.jpg,0,0,0,1
im0039_0_jpg.rf.769511478e7d2e222eb5fd6994fc2c94.jpg,0,0,0,1
im0235_0_jpg.rf.74a668bccab08495b16b9e80cfb9a84b.jpg,0,0,0,1
im0221_0_jpg.rf.767cb86a6c105952c4117d66d3d32a91.jpg,0,0,0,1
im0327_0_jpg.rf.7513efc7259398ced608a110161a825b.jpg,0,0,0,1
im0006_0_jpg.rf.78b3db56ff3609801833e03def76a8ea.jpg,0,0,0,1
im0170_0_jpg.rf.7885739a7625049647e87f5dd5ce889f.jpg,0,0,0,1
im0064_0_jpg.rf.770a7f6a069f44859df6de5b86579be6.jpg,0,0,1,0
im0287_0_jpg.rf.7781756835b5810ce0e315f7da4d6acb.jpg,0,0,0,1
im0203_0_jpg.rf.7956435f4c5d45c85c02bd303ab10d55.jpg,0,0,0,1
im0275_0_jpg.rf.79e3998fc4c2853dd504dc63c988cee6.jpg,0,1,0,0
im0100_0_jpg.rf.79dddb8e2abecabe660b37d3380095ff.jpg,0,1,0,0
im0227_0_jpg.rf.75e48d44ce445b5e7b96b6324799dcf9.jpg,0,0,1,0
im0308_0_jpg.rf.77fc016c243f3865db53eea5820c95e1.jpg,0,0,1,0
im0080_0_jpg.rf.7a3ac6762625a5fd00fdc85bb1d583ac.jpg,0,0,0,1
im0018_0_jpg.rf.7608804dfab86e7ab9c67fb8e8ade329.jpg,0,1,0,0
im0365_0_jpg.rf.7a53e239324366c01571c058b939206e.jpg,0,0,1,0
im0221_0_jpg.rf.79dfbd03352a7590bf7dfe25497ad681.jpg,0,0,0,1
im0158_0_jpg.rf.7af884bccae36e778b5b8f3fa0f41dcb.jpg,0,0,0,1
im0152_0_jpg.rf.7b92fcd786d37a0a668529ca4b745e0b.jpg,0,0,0,1
im0045_0_jpg.rf.79e5e3b5d3639a71450506d6831c5053.jpg,0,1,0,0
im0067_0_jpg.rf.7a1c8353d32b2a86e1c218e99d9ed45d.jpg,0,0,0,1
im0357_0_jpg.rf.7aab9aa060a8399f05a76941a945d4f8.jpg,0,0,0,1
im0188_0_jpg.rf.7a07f06ae3b51ac7d86affeb45e60bc8.jpg,0,0,1,0
im0026_15_jpg.rf.7bb859038c8181fccbaf3dc7b7b24b01.jpg,1,0,0,0
im0305_0_jpg.rf.76556646290b2f108f9362e80b1a3947.jpg,0,0,1,0
im0048_0_jpg.rf.7c46a9e60b58ca87e243106df96918d8.jpg,0,0,1,0
im0305_0_jpg.rf.7b4135385244ff5801d85aec0cec02ab.jpg,0,0,1,0
im0287_0_jpg.rf.7c004974e5f839af6b733352894c54a4.jpg,0,0,0,1
im0387_0_jpg.rf.7bf850a3080f93810983a188984cc2af.jpg,0,0,0,1
im0231_0_jpg.rf.7c932056b71e9b3828320aa4dbf3a695.jpg,0,0,0,1
im0196_0_jpg.rf.7d7e8ab68b8ec966dd736d97030b2d94.jpg,0,0,1,0
im0366_0_jpg.rf.7dab4bedc68df83bf0412b7c24a3af33.jpg,0,0,1,0
im0376_0_jpg.rf.7e2e05c40aa47e441e67b28c75260518.jpg,0,0,1,0
im0218_0_jpg.rf.7a8968ee89c68640fb5fc8be0468226a.jpg,0,1,0,0
im0259_0_jpg.rf.7e355e203117d1f42544049129283205.jpg,0,0,0,1
im0112_0_jpg.rf.7cde1bf56d24778fa44c5d6ff1b4f25e.jpg,0,1,0,0
im0350_0_jpg.rf.7d022a27c5402b259188e8da31ac3cd8.jpg,0,0,1,0
im0344_0_jpg.rf.7ee54b9fc17435897e8efad75f28ab80.jpg,0,0,1,0
im0024_0_jpg.rf.7d2a748bf4d2a60e4d75e200200f3004.jpg,0,0,0,1
im0390_0_jpg.rf.7cdea26b67acb494526a9855fd8e145e.jpg,0,0,0,1
im0322_0_jpg.rf.7e9344c5333e79e972a27097c84369a8.jpg,0,1,0,0
im0241_0_jpg.rf.7e7ea4197697294ddd7e2caa4c4ceafa.jpg,0,1,0,0
im0100_0_jpg.rf.7cb0d6eb97bb37296b68cdbcb267ddfe.jpg,0,1,0,0
im0157_0_jpg.rf.7de2e04154b577023ef6450679af43da.jpg,0,0,1,0
im0305_0_jpg.rf.7e54742a8404554e532de234e472fbe0.jpg,0,0,1,0
im0115_0_jpg.rf.771ca6debb7ef22facdc50bd0c90319d.jpg,0,0,1,0
im0010_0_jpg.rf.7f30a32fd96458c33a3187ff7b593694.jpg,0,0,0,1
im0014_0_jpg.rf.7e7fca7581820fcf3b1134a77d96519b.jpg,0,0,0,1
im0121_0_jpg.rf.8023f92982d62d74d27bb7348fff1429.jpg,0,0,1,0
im0022_0_jpg.rf.81f8270d066ec27f851c43ac1c406c32.jpg,0,0,0,1
im0125_0_jpg.rf.80626c1cd8c14277aa3d409f8baf43a6.jpg,0,0,1,0
im0392_0_jpg.rf.80859b7a1d9f447c3d4a28783d8e52d4.jpg,0,0,0,1
im0343_0_jpg.rf.7c43a5bd772b33f1920d2e69c57ac3f1.jpg,0,0,0,1
im0285_0_jpg.rf.823df1acf77daa334b17b929e6ac19c6.jpg,0,0,0,1
im0231_0_jpg.rf.8111fac33a9951ff5843eecda5c08218.jpg,0,0,0,1
im0127_0_jpg.rf.822fc35cf0fa86e3eedd6da00a53083a.jpg,0,0,1,0
im0291_0_jpg.rf.817a06c6d118e1caadd53dfadd00533f.jpg,0,1,0,0
im0135_0_jpg.rf.82686892344be1054983f575034ee7a9.jpg,0,0,1,0
im0136_0_jpg.rf.8236c42e9517cecba57fa1891d56a55d.jpg,0,0,1,0
im0292_0_jpg.rf.81d29e6e914b179c05bd83980a533017.jpg,0,0,0,1
im0203_0_jpg.rf.7fd0b61fffd14ac8d78395c24f5f7c19.jpg,0,0,0,1
im0086_0_jpg.rf.7f87c4ee8853afa97fd5e3bbf29cc6b5.jpg,0,0,0,1
im0021_14_jpg.rf.818e684af28c4085e0fea8140b7dd05e.jpg,1,0,0,0
im0138_0_jpg.rf.834819e02562e91310f059363eb99314.jpg,0,0,1,0
im0280_0_jpg.rf.841f3ccd5af83c00a32657784a31773c.jpg,0,1,0,0
im0368_0_jpg.rf.82e6c0a8483e2f74338dea39f0f8f07a.jpg,0,0,1,0
im0208_0_jpg.rf.805aec712a893dceb7dcc8df42b6249f.jpg,0,0,0,1
im0088_0_jpg.rf.84f0ed3d38f60cbbe62ec1276244eee1.jpg,0,0,1,0
im0324_0_jpg.rf.82c83472125b440140efa96ae8ea8f1f.jpg,0,0,1,0
im0083_0_jpg.rf.83e5baa4c973dde3f9cd15837576b590.jpg,0,0,0,1
im0260_0_jpg.rf.84782835b6a07bb5248027c2c6f95c6a.jpg,0,0,0,1
im0372_0_jpg.rf.846aad82e9a94164a42a3308438216a9.jpg,0,0,1,0
im0369_0_jpg.rf.843645a0cda3e1fb1267e9c5754aad3f.jpg,0,0,1,0
im0396_10_jpg.rf.84c3406a22c7496ea3c77de18971b050.jpg,1,0,0,0
im0321_0_jpg.rf.7efb6e39fa714300714ea08c6c4a28ba.jpg,0,1,0,0
im0389_0_jpg.rf.83ae652324ce703307b1fc021eca6ad2.jpg,0,0,0,1
im0247_0_jpg.rf.8452767c2e89d61cc8bbad6c99f02cb1.jpg,0,0,1,0
im0244_0_jpg.rf.851ffbb03e083d2d1863721fd9b4dea5.jpg,0,1,0,0
im0037_0_jpg.rf.855a23524d6a630a53696da46ec537f0.jpg,0,0,0,1
im0017_0_jpg.rf.857b81fa559b7836ecc0508cb96f29c9.jpg,0,0,1,0
im0346_0_jpg.rf.8580a66e4691447d428049d0a9c82402.jpg,0,0,0,1
im0285_0_jpg.rf.8583b52649915724e9aec649c7720f52.jpg,0,0,0,1
im0324_0_jpg.rf.8627091d0e38b99a796b04f9b2e73e28.jpg,0,0,1,0
im0228_0_jpg.rf.864c9dfa450f13a7e9fbcc897c65e42c.jpg,0,0,1,0
im0318_0_jpg.rf.867c4adb6c8883e09fd485ed342c8ebd.jpg,0,0,1,0
im0261_0_jpg.rf.86b81703fa249e789cf89f24e01c62bc.jpg,0,0,0,1
im0304_0_jpg.rf.86d87ddf8da6d0b7a175084be93fd492.jpg,0,0,0,1
im0041_0_jpg.rf.874f5f3ec86269e41b1e31a24a205cb4.jpg,0,0,0,1
im0323_0_jpg.rf.8761fd4e58d12b93188f9adbcd99c204.jpg,0,1,0,0
im0093_0_jpg.rf.8794e03ba71c9562f2c0e88615699a19.jpg,0,0,1,0
im0371_0_jpg.rf.87e843055dfdff613b84273971eb03be.jpg,0,0,0,1
im0298_1_jpg.rf.87c4102f2d4262b498c6d7777a65c562.jpg,0,1,0,0
im0228_0_jpg.rf.879768b424c2c4657b01659141cebc3d.jpg,0,0,1,0
im0289_0_jpg.rf.887968d337cf4e1b754bf830fe5975d7.jpg,0,0,1,0
im0096_0_jpg.rf.885f5efca8f2280acb521050d0a53d52.jpg,0,0,1,0
im0037_0_jpg.rf.8882735b0308aa33177edbcd14b7cb84.jpg,0,0,0,1
im0360_0_jpg.rf.87f270f841d9c8d9b184aa9d6f13daad.jpg,0,0,1,0
im0200_0_jpg.rf.89126890db30f7a95df742405a0f6893.jpg,0,0,1,0
im0273_0_jpg.rf.89939ce29590bca73265d4767d17fb46.jpg,0,1,0,0
im0331_0_jpg.rf.88a10806392d192c106c55d06f61e838.jpg,0,0,1,0
im0069_0_jpg.rf.8897f4433e466c95cdb5f5816ac18ced.jpg,0,0,1,0
im0237_0_jpg.rf.89edec390ecbd9361bcbdd3935e706eb.jpg,0,0,0,1
im0249_0_jpg.rf.8a119313206156e39b960b30f7363caa.jpg,0,0,0,1
im0068_0_jpg.rf.8b0f378020e1460ef9d076d1f64a1e06.jpg,0,0,0,1
im0223_0_jpg.rf.89804869fe9a6dc0717cd3d225b10df6.jpg,0,0,1,0
im0184_0_jpg.rf.8a02d3d975edaa39427f1970d147a5c4.jpg,0,0,0,1
im0268_0_jpg.rf.8c37c3ffa0ac1489546549ef0a62f42b.jpg,0,0,0,1
im0260_0_jpg.rf.8d5450f419ae285fb272d682216e29d9.jpg,0,0,0,1
im0301_0_jpg.rf.8c7ad6d37ab6fd103e764c018b5a63c0.jpg,0,0,0,1
im0128_0_jpg.rf.89c8c24a96dc937b305fa938c6af5844.jpg,0,1,0,0
im0348_0_jpg.rf.8bb95cd073b4fce1a8ad7028ee107e82.jpg,0,0,0,1
im0029_0_jpg.rf.8c64a198b180a26f680a1b16dad33f70.jpg,0,0,0,1
im0230_0_jpg.rf.8c52f3f2901278b690a6059b659ad264.jpg,0,0,1,0
im0019_0_jpg.rf.8d5f87ba410f91e5fdd352f49c553f05.jpg,1,0,0,0
im0395_0_jpg.rf.8acfdaae5559897f4432c68145a06d47.jpg,0,0,0,1
im0056_0_jpg.rf.8cce6a64fb8cda9d3ceb87b88bff321b.jpg,0,0,0,1
im0063_0_jpg.rf.8c69e224b8e7ace180c0c9e445753012.jpg,0,0,0,1
im0266_0_jpg.rf.8d739ea71c8921eefb595452c3e7b3da.jpg,0,0,0,1
im0295_0_jpg.rf.8a0ee1a0241c78791c9b0f5e4bf74db0.jpg,0,0,0,1
im0031_0_jpg.rf.8d145b26a9952a3344e8c90b5ccb3ce8.jpg,0,0,1,0
im0203_0_jpg.rf.8d3df2088a0c1c35de5bdca5267fea66.jpg,0,0,0,1
im0275_0_jpg.rf.8d3c1e9ba78641b66e26d52fd354b572.jpg,0,1,0,0
im0284_0_jpg.rf.8ddb856201057362099772d4fc5b0668.jpg,0,1,0,0
im0257_0_jpg.rf.8a922c9baa4b0c5c32395ab784dd40c6.jpg,0,1,0,0
im0283_0_jpg.rf.8d92f8684807fdf80f527defdd628e05.jpg,0,1,0,0
im0117_0_jpg.rf.8b2b491abbbfdaf7c235694b53907145.jpg,0,0,1,0
im0236_0_jpg.rf.8c0f51aa52dabcc7f77beb31a88cc00b.jpg,0,0,0,1
im0181_0_jpg.rf.8c53635db2b7b0ed50fc1492f791c09f.jpg,0,0,0,1
im0237_0_jpg.rf.8e44cf64e5cfaf5386731de0efcc2c25.jpg,0,0,0,1
im0355_0_jpg.rf.8d80a447901ca08c220e05e8789e97bf.jpg,1,0,0,0
im0400_0_jpg.rf.8cd9d7e4f0aecc3a69c07dfd220aac4b.jpg,0,1,0,0
im0260_0_jpg.rf.90c26e9b448841e03deefbc93912f714.jpg,0,0,0,1
im0245_1_jpg.rf.8e8e0b6b2b3fa846f20d995d676397a2.jpg,0,1,0,0
im0187_0_jpg.rf.8f56ec3598161364cce7807971c6f6a0.jpg,0,0,0,1
im0216_0_jpg.rf.91293bb8b1e09b80152e9cedf22b992c.jpg,0,1,0,0
im0187_0_jpg.rf.928c712d88f7bc4eab8767fec2aea3ff.jpg,0,0,0,1
im0094_0_jpg.rf.93466443acdda193e1cff5e954f45b84.jpg,0,0,1,0
im0024_0_jpg.rf.9209f09f1e2c082f8e992db70155f9f9.jpg,0,0,0,1
im0332_0_jpg.rf.90d08f23d45d7c53afb885a890cd5c44.jpg,0,0,1,0
im0078_0_jpg.rf.92567bdfbfe2f73cf7cda1b17fe30386.jpg,0,0,0,1
im0297_0_jpg.rf.8f4d171bb9d8f9804e82b5163b67f242.jpg,0,0,0,1
im0395_0_jpg.rf.8f2f9d70c074a0635b5feda0ab9599c2.jpg,0,0,0,1
im0044_0_jpg.rf.90198db9d824736ec0443646d834cf5d.jpg,0,0,0,1
im0129_0_jpg.rf.917cb0d4e6d9b1c6abceffa327c9cbcf.jpg,0,0,0,1
im0209_0_jpg.rf.9248c451ed824e488e549e6723578e46.jpg,0,0,1,0
im0055_0_jpg.rf.92673da8b980bbd018854fc3b4872165.jpg,0,0,0,1
im0345_0_jpg.rf.90c58f6e0c8ccf273d875979d32cd989.jpg,0,0,0,1
im0317_0_jpg.rf.8f8b51a99a8bdc5355f8e99bc2c58abf.jpg,0,1,0,0
im0137_0_jpg.rf.8f855495bf7442bdd334298de013f233.jpg,0,0,1,0
im0176_0_jpg.rf.91da1317ee3c43e06a4427b2bfccea63.jpg,0,0,1,0
im0060_0_jpg.rf.93c978bcc2310b5cd3fe92f94387e297.jpg,0,0,1,0
im0128_0_jpg.rf.92da6dace0d2498f68643afe0c419866.jpg,0,1,0,0
im0274_0_jpg.rf.912dfcd7d6f7d1fd393891424c8573ef.jpg,0,0,1,0
im0373_0_jpg.rf.935194774d64038a6dc5478959f6a95e.jpg,0,0,0,1
im0212_0_jpg.rf.92468420659e6e868eacebd697130d40.jpg,0,1,0,0
im0205_0_jpg.rf.91a3ff1eb466d5d288b134d0ed9a62ac.jpg,0,0,1,0
im0096_0_jpg.rf.9461c29e72260bf3bbfe3dc014573602.jpg,0,0,1,0
im0092_0_jpg.rf.9368e9c583b3e881f6298080507dedcd.jpg,0,0,0,1
im0142_0_jpg.rf.93f168decea44f144a64d200e511e5bc.jpg,0,1,0,0
im0367_0_jpg.rf.94fb22ebe4d51e58b715ca09c9468955.jpg,0,0,1,0
im0160_0_jpg.rf.968a7185d816e424066de91ad55f8413.jpg,0,0,1,0
im0185_0_jpg.rf.8ed2295450a00c44e2ac64dbc3fbc912.jpg,0,0,1,0
im0311_0_jpg.rf.93d1798354bbbf871925b91ae094c9db.jpg,0,0,1,0
im0327_0_jpg.rf.95bebc285e9e732962bd743b1835b08a.jpg,0,0,0,1
im0256_0_jpg.rf.947f13bddcfef793fdd34d654d8deb2b.jpg,0,0,1,0
im0283_3_jpg.rf.94ffbb5300dcdfa9148e449edd0193ee.jpg,0,1,0,0
im0115_0_jpg.rf.9508c526fc165a486dd3015f3f8c749e.jpg,0,0,1,0
im0334_0_jpg.rf.957eacfd6d45c15c5bcc943bd3e5947b.jpg,0,0,1,0
im0328_0_jpg.rf.955d5b13b13b8a5ed5e70b1e2e70c097.jpg,0,0,0,1
im0361_0_jpg.rf.95f1bbc78eed0bd5f879e8c7327c2da5.jpg,0,0,1,0
im0388_0_jpg.rf.96c653ceb0f5974ee37f3f437630a206.jpg,0,0,0,1
im0112_0_jpg.rf.951b8699e5169042d0c84729abe004dd.jpg,0,1,0,0
im0295_0_jpg.rf.951afcca24e0dd2167ce46b1bcefc09e.jpg,0,0,0,1
im0033_0_jpg.rf.9623f570f1ed05990008094ffce9826b.jpg,0,0,1,0
im0061_0_jpg.rf.958abe86cc1e08e6f925cf5329a27fc2.jpg,0,0,0,1
im0226_0_jpg.rf.96d13029acb8aeaa4a8fa25157b0b9bd.jpg,0,0,1,0
im0371_0_jpg.rf.98208a09fa9e7c190d660b5f02c992b1.jpg,0,0,0,1
im0254_0_jpg.rf.96a330d3b681414c12952efd96331ec3.jpg,0,0,0,1
im0312_0_jpg.rf.977c41dffabf1050971c2224755d0146.jpg,0,0,1,0
im0156_0_jpg.rf.952b2f330ed4f56ee2d653d1aa2cb4fc.jpg,0,0,1,0
im0345_0_jpg.rf.969cb3d890107d2af1c01711ccfa65e3.jpg,0,0,0,1
im0383_3_jpg.rf.984a22ab56f7772603152b139dbc75dd.jpg,0,1,0,0
im0120_0_jpg.rf.96cd18232631334c38f2ed8723be1dda.jpg,0,0,0,1
im0365_0_jpg.rf.97368b250073e67a6dd6563f00650ab1.jpg,0,0,1,0
im0179_0_jpg.rf.9aaefd88b51f2c035714b74e434dbfb4.jpg,0,0,0,1
im0307_0_jpg.rf.9a98387d343bccc0a89b74df21c240ac.jpg,0,0,0,1
im0018_0_jpg.rf.98a0e9b219fd0b9230576c596b35b7ae.jpg,0,1,0,0
im0138_0_jpg.rf.93a8a64e5664671bbfaf1a4268b74715.jpg,0,0,1,0
im0354_0_jpg.rf.9952a948d2b4e4aa17176d357e6cc3be.jpg,0,0,1,0
im0389_0_jpg.rf.98ecd4e4a79085b00b7bb06fe1c3212c.jpg,0,0,0,1
im0313_0_jpg.rf.9b42ae59a59ddb10627211df48e65136.jpg,0,0,1,0
im0391_0_jpg.rf.98fc6cb8ab2eea537d0e390afff8966b.jpg,0,0,0,1
im0237_0_jpg.rf.9662bf5a772ac0401cedb1a6a2d26f7d.jpg,0,0,0,1
im0164_0_jpg.rf.994c363cdfe74933b2307f97108e7879.jpg,0,0,0,1
im0273_0_jpg.rf.9ab1cf0c0b29ab13149a4c1ae957656d.jpg,0,1,0,0
im0362_0_jpg.rf.95cb1eb22d93af38b199370c42e9341b.jpg,0,0,1,0
im0256_0_jpg.rf.99089caf5c983ff31a2e0ee61a20adcb.jpg,0,0,1,0
im0107_0_jpg.rf.9b2c6c7a0415c5c39c16143b206a5cf1.jpg,0,0,0,1
im0012_0_jpg.rf.99b90e63dd929ea8eb6b9753c8cf212e.jpg,0,0,0,1
im0175_0_jpg.rf.99d4e526ffe6508cbc6d848731205b92.jpg,0,0,0,1
im0387_0_jpg.rf.9910ef4d0ef9d14c8239c4f9748a7708.jpg,0,0,0,1
im0237_0_jpg.rf.9cc47922115f2b8c9c8fba590bd2f677.jpg,0,0,0,1
im0100_0_jpg.rf.9cbd5bc11f3e90dff3eb4d835ffaaca1.jpg,0,1,0,0
im0053_0_jpg.rf.9af0770b825e08cbbf7125545486e75d.jpg,0,0,0,0
im0245_1_jpg.rf.9a48d683ec66bc62be9fef4188393444.jpg,0,1,0,0
im0199_0_jpg.rf.9c72edf722f6baadb2774525a30c22a3.jpg,0,1,0,0
im0377_0_jpg.rf.9a3e7c74f9792c6b53f8e76529040b0c.jpg,0,0,0,1
im0307_0_jpg.rf.9ef9025fe00e6a91103c701ee0ba08aa.jpg,0,0,0,1
im0234_0_jpg.rf.9f5daab77b9bc80b375e4574f96972a2.jpg,0,0,0,1
im0159_0_jpg.rf.9b6a17e51b64f84d6fa707e1d64cfb1d.jpg,0,0,0,1
im0101_0_jpg.rf.9ff7db5740767cd1ebbccc2342dd6417.jpg,0,0,0,1
im0355_0_jpg.rf.9e2f3ce2213d9a117e72257769e9ea9c.jpg,1,0,0,0
im0103_0_jpg.rf.9bcca465a55b62c6e2d226dee2cf8fa1.jpg,0,0,1,0
im0016_0_jpg.rf.9cf358b3e6be361c41dc7e787f68e95b.jpg,0,0,1,0
im0036_0_jpg.rf.9bef4fb6aac321b02de084191932305e.jpg,0,0,0,1
im0142_0_jpg.rf.a065e334cd36b022442e57a0e995926e.jpg,0,0,0,0
im0086_0_jpg.rf.a071476929397475b6aa90d7f63eaacc.jpg,0,0,0,1
im0123_0_jpg.rf.9ffbee91e8dc6ce44b9497b4c978cd13.jpg,0,0,1,0
im0132_0_jpg.rf.9e599448b2739f5a50481d37034216d9.jpg,0,0,1,0
im0153_0_jpg.rf.a1b05dd64f346b48c5bc259047b3c016.jpg,0,0,0,1
im0276_2_jpg.rf.a16a8e449fade54dbda45a340e94ff87.jpg,0,1,0,0
im0372_0_jpg.rf.a1e2bfdf09da725377723ee493ef12f5.jpg,0,0,1,0
im0081_0_jpg.rf.a0edbc7e5ea5a2ef3210907a62cd1636.jpg,0,0,0,1
im0148_0_jpg.rf.a19a604bcbf0fd23a65c9f0c43bebab4.jpg,0,0,0,1
im0279_0_jpg.rf.a0276dde9cfcff5ebc1e8e9b8acb4999.jpg,0,0,1,0
im0303_0_jpg.rf.a0a3698a8500c4590b754939d9c73b62.jpg,0,0,0,1
im0215_0_jpg.rf.a25dfd53501b75524bbb8de8c4aa67ae.jpg,0,0,1,0
im0227_0_jpg.rf.a1963574787b12bc5729b590e7408c93.jpg,0,0,1,0
im0007_0_jpg.rf.a199e44b0c989fea842317cbb7e72610.jpg,0,1,0,0
im0346_0_jpg.rf.a331f484dfa8ffcca7751a67c0178964.jpg,0,0,0,1
im0150_0_jpg.rf.a21462a56e9d62481b2537073a0a1377.jpg,0,0,0,1
im0027_0_jpg.rf.a315d801d71df010cb1dffe2b9fc655e.jpg,0,0,0,1
im0186_0_jpg.rf.9d88a4d854098abfe5278e19d2ae5a93.jpg,0,0,1,0
im0032_0_jpg.rf.9d5c469e818c22033874ded7e811deb5.jpg,0,0,0,1
im0358_0_jpg.rf.a3051b94fbbcaa4a29b8c0b6c11df2ef.jpg,0,0,1,0
im0102_0_jpg.rf.a2fe57b370265bd35e7caca6ccf07348.jpg,0,0,0,1
im0204_0_jpg.rf.a34d2921439ccef1dd4023401dd0ceef.jpg,0,0,0,1
im0257_0_jpg.rf.a338e61b2d0234f7547bccecdfb4b7e9.jpg,0,1,0,0
im0028_0_jpg.rf.a32b1e7fd1095a24e544743d87a58f2b.jpg,0,0,1,0
im0244_0_jpg.rf.a3fdfd5f3d97481ea81249cddf297ddf.jpg,0,1,0,0
im0079_0_jpg.rf.a58957cd72134f66f99e4480c6b76c8e.jpg,0,0,0,1
im0091_0_jpg.rf.a462226837b9f68b53f1aad34be4c847.jpg,0,0,1,0
im0315_0_jpg.rf.a423aa98fa566e2b21eb91889c6f13d8.jpg,0,0,1,0
im0269_0_jpg.rf.a53b5e5ee90d9107b679a881278ba01f.jpg,0,0,0,1
im0215_0_jpg.rf.a515eef85fa9e4e70fafd57fe866f905.jpg,0,0,1,0
im0174_0_jpg.rf.9b8c179a436ec8417cafcde2f5d374ac.jpg,0,0,0,1
im0237_0_jpg.rf.a665d1222ff69ba3a7615e6b6f546be3.jpg,0,0,0,1
im0296_0_jpg.rf.a460fa8bffc54dd68cb514babc93f67c.jpg,0,1,0,0
im0392_0_jpg.rf.a3194699d7eefd2739edbd00920c28fe.jpg,0,0,0,1
im0291_0_jpg.rf.a40e558ecaa55b5d11f541c627540ad9.jpg,0,1,0,0
im0133_0_jpg.rf.a593fd6ff96ac02b927e67c4e8658988.jpg,0,0,1,0
im0107_0_jpg.rf.a6a77aa5ff4d48eebf31842fbc8cb1dd.jpg,0,0,0,1
im0293_0_jpg.rf.a35617e0203c6ce182fafef1a18727ff.jpg,0,1,0,0
im0181_0_jpg.rf.a5d34102d4c9cfbebba6f39a5a08c672.jpg,0,0,0,1
im0261_0_jpg.rf.a6d90eba4fe4c7652acf202c6b88277a.jpg,0,0,0,1
im0017_0_jpg.rf.a5ecc6e791b2e15cb3d166606c59c6bd.jpg,0,0,1,0
im0149_0_jpg.rf.a6b05db6e5be36b41ed03259244638f2.jpg,0,0,0,1
im0212_0_jpg.rf.a3a27c4b8ce82d080e700f6036d5d561.jpg,0,1,0,0
im0354_0_jpg.rf.a6b347bb52a9bd92397c9af37ab32627.jpg,0,0,1,0
im0043_0_jpg.rf.a648dec495410f0cc3564e06447a0311.jpg,0,0,1,0
im0268_0_jpg.rf.a388dca0f29cb1c4d7c5afa71318439b.jpg,0,0,0,1
im0385_0_jpg.rf.a65f66d19a536b49cccdccd8e829ddf1.jpg,0,0,1,0
im0136_0_jpg.rf.a7bd3e89e0e9cae3b60eb8f6b9d150f0.jpg,0,0,1,0
im0390_0_jpg.rf.a5a7e989943a5c42e25d688c7e885f98.jpg,0,0,0,1
im0218_0_jpg.rf.a74c7fe08b7d60eef2a8dd989f3bdecc.jpg,0,1,0,0
im0069_0_jpg.rf.a84c3952cf1c7b972f3e3e980ea47492.jpg,0,0,1,0
im0119_0_jpg.rf.a7a3c9d7e36009ddc1b94a53ff5e486b.jpg,0,0,0,1
im0399_0_jpg.rf.a86f1c5174ff93023807195d2de08ebc.jpg,0,1,0,0
im0351_0_jpg.rf.a82d195db9a7a025e3638eb930b0749b.jpg,0,0,1,0
im0112_0_jpg.rf.a560ceb3477d34381eaa5f7b43425a80.jpg,0,1,0,0
im0298_1_jpg.rf.a81dad681d67637c1e83eedf327fc1d4.jpg,0,1,0,0
im0348_0_jpg.rf.a7a3110ccbc77422cd947a74e7962f4e.jpg,0,0,0,1
im0364_0_jpg.rf.a84956551d01f494843dcb834939156e.jpg,0,0,1,0
im0187_0_jpg.rf.a930f2c673291fa3f61d68a8af8862f5.jpg,0,0,0,1
im0348_0_jpg.rf.9bd859bc396c9c9b280f1cbe1de25018.jpg,0,0,0,1
im0154_0_jpg.rf.a8839cac02d956b669bd27d66e95c783.jpg,0,0,0,1
im0328_0_jpg.rf.ab4e34846cdc25e047a718ab25667c15.jpg,0,0,0,1
im0207_0_jpg.rf.a855892c2093cc889283b6f0bd2ba112.jpg,0,0,1,0
im0061_0_jpg.rf.a8044e6e57d23f74398b984e4adda1f1.jpg,0,0,0,1
im0292_0_jpg.rf.a981cb185c1a96a364b4f6965740b8ff.jpg,0,0,0,1
im0395_0_jpg.rf.ab6e45538c52f99d639d513795377f75.jpg,0,0,0,1
im0202_0_jpg.rf.a8c348a7e5e79a2d8c26870fa1117a40.jpg,0,0,1,0
im0223_0_jpg.rf.a9d3f8245ac8da2b73e349a94f716c7b.jpg,0,0,1,0
im0238_0_jpg.rf.aed843bbcd99b73a61521987b5d0c6e6.jpg,0,0,0,1
im0156_0_jpg.rf.a95fc2d4412bdcc698a41d109a0789b5.jpg,0,0,1,0
im0233_0_jpg.rf.abb981057078c0cf6617a11ea4808531.jpg,0,0,1,0
im0071_0_jpg.rf.ac7b75456433110d435a9c9762f9ba60.jpg,0,0,0,1
im0260_0_jpg.rf.ae703492c9012199beb1ff40e98aee74.jpg,0,0,0,1
im0382_0_jpg.rf.a99277373c2cc86ce94edadc069b733c.jpg,0,0,0,1
im0363_0_jpg.rf.b0650d5bce8ec959a669a1bf0104fce5.jpg,0,1,0,0
im0096_0_jpg.rf.aa7e914189d0646efef17415eaf3df28.jpg,0,0,1,0
im0034_0_jpg.rf.b05a8976403f19587b8df4d82481bb98.jpg,0,0,0,1
im0275_0_jpg.rf.ae876c279b2fa6b07685d4f84336a3fb.jpg,0,1,0,0
im0357_0_jpg.rf.b03b0ec5c4d8a90e97d30b5e1210179f.jpg,0,0,0,1
im0004_0_jpg.rf.ae7bc766067f30e995e55a8cf25ca0b2.jpg,0,0,0,1
im0113_0_jpg.rf.ac965bcda1878cd58767d3c191caafe3.jpg,0,0,1,0
im0182_0_jpg.rf.adf557c4f5dac08be47f382803a07fbf.jpg,0,0,0,1
im0052_0_jpg.rf.aec671269ab860272c5ed834d1847f7f.jpg,0,0,1,0
im0309_0_jpg.rf.af6d91341d0c7f7158302901fdd4cc67.jpg,0,0,1,0
im0150_0_jpg.rf.ac60614be174ba2c3f7687e36c09d1ea.jpg,0,0,0,1
im0379_0_jpg.rf.b00f79184f2ce6d4b2b19abaf29593d7.jpg,0,0,0,1
im0127_0_jpg.rf.b0dd143637946ed10a3838138fa33468.jpg,0,0,1,0
im0319_0_jpg.rf.b07857541ec50c804e2d115fa3409697.jpg,0,1,0,0
im0241_4_jpg.rf.ae6ad588c44e5cd1a0895e2d3aa45b45.jpg,0,1,0,0
im0087_0_jpg.rf.b22ff82807c0cc208f3b3f004b090e1b.jpg,0,1,0,0
im0104_0_jpg.rf.b3b9a64b16700ae2a13d569bde6649fd.jpg,0,0,0,0
im0384_0_jpg.rf.b217791119cb97c5c4899f939a6aeffa.jpg,0,0,1,0
im0261_0_jpg.rf.b48dd42258fa2a83728559d8feec5b2b.jpg,0,0,0,1
im0141_0_jpg.rf.a88a262fafda786bfb6f8f0187672595.jpg,0,0,1,0
im0133_0_jpg.rf.b40d6208422b722bd5c485de2705ff49.jpg,0,0,1,0
im0002_0_jpg.rf.b2ffca8381e026adaf4953e4720c0ec1.jpg,0,0,1,0
im0192_0_jpg.rf.b341200f75a60c1dd20c276b01967ddf.jpg,0,0,1,0
im0015_0_jpg.rf.b1aed48e9d60d256522062e86f684f49.jpg,0,0,0,1
im0319_0_jpg.rf.b54febed4fdef3ad8a6c4d964b4a5312.jpg,0,1,0,0
im0335_0_jpg.rf.b20d9503b980e921da465823b9547ac5.jpg,0,0,1,0
im0302_0_jpg.rf.b4acce138915fe48cd6a8818c4c2e42b.jpg,0,0,1,0
im0274_0_jpg.rf.b3c9611a82d7633d25e67e2e440c62a7.jpg,0,0,1,0
im0014_0_jpg.rf.b3177163f12456f93f974e8f2a3145e6.jpg,0,0,0,1
im0110_0_jpg.rf.b3baa1010fa13af6bb1a2634006b48cc.jpg,0,0,0,1
im0339_0_jpg.rf.b4eee423b4772c850df0f1e92262b428.jpg,0,0,1,0
im0229_0_jpg.rf.b3bfda84c9655ae837bdec9e7e361558.jpg,0,0,1,0
im0389_0_jpg.rf.b404514d0b9a5a74a88d8d55d45383bf.jpg,0,0,0,1
im0206_0_jpg.rf.b453b0d3a63dbb3846c5af1d3c5e13da.jpg,0,0,1,0
im0322_0_jpg.rf.b5780ddf6dc8504dbf3fea2babad3ebd.jpg,0,1,0,0
im0244_0_jpg.rf.b4735513047c15c89c9ca839fe6fc2c4.jpg,0,1,0,0
im0393_0_jpg.rf.b069ed44e46b0f206d2efa38803a4818.jpg,0,0,0,1
im0300_0_jpg.rf.b3fc3e82fcac6f06a2a37a436d3c309c.jpg,0,1,0,0
im0323_0_jpg.rf.27f2d083587a48b26f83a727c62748c1.jpg,0,1,0,0
im0268_0_jpg.rf.28290e8fb0b3c4b7eb5e03a0f267ec74.jpg,0,0,0,1
im0320_0_jpg.rf.28504e0ef16f257fb89cd4fc0f7abccb.jpg,0,0,1,0
im0130_0_jpg.rf.287c19004a8013b1ffe40b60f2f2bfba.jpg,0,0,1,0
im0197_0_jpg.rf.28971c2f35cdb7e5a3ae1bbaecc3e767.jpg,0,0,1,0
im0074_0_jpg.rf.289a3a55f1eac3ac8535b07eb6d3e3fc.jpg,0,0,1,0
im0255_0_jpg.rf.2933a6db7026ebc3dd10683f8f81ac2f.jpg,0,0,0,1
im0382_0_jpg.rf.294dad3c1e3dfc621e82256bbfff50d2.jpg,0,0,0,1
im0129_0_jpg.rf.2855f672f33f2ad1033017d9dfeee087.jpg,0,0,0,1
im0295_0_jpg.rf.298e10166f17cd993c81e0bdddbd0bfe.jpg,0,0,0,1
im0210_0_jpg.rf.293a56609b4db8b0f4b81e0190afb1ab.jpg,1,0,0,0
im0300_0_jpg.rf.2a0119f67e39b007839bba22adf0d8f8.jpg,0,1,0,0
im0356_0_jpg.rf.2a2c15bf8936a37505b90598e631f12b.jpg,0,0,0,1
im0225_0_jpg.rf.29d1b61215fb0820bef5fcd860eff993.jpg,0,0,1,0
im0159_0_jpg.rf.2a8501921e7545b547afb9eaf845874e.jpg,0,0,0,1
im0242_0_jpg.rf.2a6289ee2770e21c8eaae476883845db.jpg,0,0,0,1
im0400_0_jpg.rf.2abdf9e90886733fbc4a36fe9aa02c06.jpg,0,1,0,0
im0045_0_jpg.rf.2a8cb9f253aa8bfa6f36f8e2462c4460.jpg,0,1,0,0
im0244_0_jpg.rf.2b4169fb6f53b1d9d071846a709e5dce.jpg,0,1,0,0
im0282_0_jpg.rf.2ae89786f7de647ec5e037a66f8cd80a.jpg,0,1,0,0
im0310_0_jpg.rf.2b1ed7f13df2eb41d54fd95fdd35abdd.jpg,0,0,0,1
im0200_0_jpg.rf.2b800aa41c07c5a5220acc9886805914.jpg,0,0,1,0
im0050_0_jpg.rf.2a837815288138647025672de4d7743e.jpg,0,0,1,0
im0143_0_jpg.rf.2cf45b09575f4800004dfe5e1e84d856.jpg,0,1,0,0
im0074_0_jpg.rf.2b66c02adf9863c866548e7fcb0e5ad5.jpg,0,0,1,0
im0081_0_jpg.rf.2e543e1f02bab6e674498511a99a6bc9.jpg,0,0,0,1
im0065_0_jpg.rf.2e06e0b942dd63a4feda8b6b63ec8393.jpg,0,0,1,0
im0142_0_jpg.rf.2df57aae0717a14966175f2c69945d5a.jpg,0,1,0,0
im0277_1_jpg.rf.2bab5e3a556dd200050f1eaa5c918b87.jpg,0,1,0,0
im0054_0_jpg.rf.2e0d60c813279a29920723424d84d992.jpg,0,0,1,0
im0282_0_jpg.rf.2d0f4d05e0342fa8b73a3f93ca2d1145.jpg,0,1,0,0
im0118_0_jpg.rf.2edc1b836881246020c60812e771679e.jpg,0,0,1,0
im0107_0_jpg.rf.2c84e6ccfcedc6aa82eb62b83e3f02ef.jpg,0,0,0,1
im0021_14_jpg.rf.2ee3784b5c91e0207991ecdeca10a646.jpg,1,0,0,0
im0066_0_jpg.rf.2f34921f51c79016d6bed62b5a2ce5df.jpg,0,0,0,1
im0152_0_jpg.rf.2f31a851c35015e1e936dc4ad351390b.jpg,0,0,0,1
im0018_0_jpg.rf.2bbcbb6dbb1bbd7a1ef3caea2936553a.jpg,0,1,0,0
im0212_0_jpg.rf.2e0b38e6121b9e5750b12fcef846af3a.jpg,0,1,0,0
im0295_0_jpg.rf.2c3d9803cb90df8be2c8d3870725f081.jpg,0,0,0,1
im0105_0_jpg.rf.2ef669a38d1342eb84f5a33b7a6672a0.jpg,0,0,0,1
im0080_0_jpg.rf.2ecd29a72146dc2755b29397853f09ce.jpg,0,0,0,1
im0084_0_jpg.rf.2df4f66623e2a7fac38e95160a848812.jpg,0,0,0,1
im0193_0_jpg.rf.2ed125d77635fb67714009386bd62806.jpg,0,0,1,0
im0226_0_jpg.rf.2828e4ef99dbf89bbd5c6b1525da8445.jpg,0,0,1,0
im0334_0_jpg.rf.2df4b0f2977e837e64e0259ea45d141f.jpg,0,0,1,0
im0114_0_jpg.rf.2d15aeea337faefb05cff62a3cade857.jpg,0,0,1,0
im0099_0_jpg.rf.2ef6e7b0fc7f509a41aa1b5c89ccfd86.jpg,0,0,0,1
im0310_0_jpg.rf.2f99d661ff15b09bdb844cff885b1081.jpg,0,0,0,1
im0122_0_jpg.rf.2fd3cd1a34dad52a4f865bad9cf7a121.jpg,0,0,1,0
im0035_0_jpg.rf.306e055fed4a25961d91f0bd79e35f10.jpg,0,0,0,1
im0082_0_jpg.rf.2f49c88f69be46e37b25c579cb6646f9.jpg,0,0,0,1
im0366_0_jpg.rf.2fa6b9a71ae6f57d1ba8694bb3242fe9.jpg,0,0,1,0
im0063_0_jpg.rf.2fcace2e04a8995a9d916e65fb9fae65.jpg,0,0,0,1
im0084_0_jpg.rf.30d8d228faa285fd56ba7c5ba2a11114.jpg,0,0,0,1
im0099_0_jpg.rf.2fe300a6d9ea43189c2543b83d05a80a.jpg,0,0,0,1
im0337_0_jpg.rf.30eaa6afed5929a750bb2f67fd6fb9bf.jpg,0,0,1,0
im0317_0_jpg.rf.31580a9cec85a667e3c65be896eceb8a.jpg,0,1,0,0
im0222_0_jpg.rf.329e2edba559a07294a7be95c1a3254e.jpg,0,0,1,0
im0294_0_jpg.rf.303619d190b3ecd51a27ce4d58c9d4e7.jpg,0,0,0,1
im0102_0_jpg.rf.3218aa14dac290d98a6c7557fa68470a.jpg,0,0,0,1
im0236_0_jpg.rf.30fc02f9dc28a57873729e6a7575a518.jpg,0,0,0,1
im0330_0_jpg.rf.32f2bb2b944dac233c350b8f6d3561a0.jpg,0,0,1,0
im0341_0_jpg.rf.332fab189c5c8306a9647b3507a47071.jpg,0,0,1,0
im0017_0_jpg.rf.3201a54b97cb4e8e2ed8c31e4b5974cd.jpg,0,0,1,0
im0067_0_jpg.rf.33ce8d65519cb33f3f4815fed76c50e0.jpg,0,0,0,1
im0399_0_jpg.rf.3240cb963eadaea232b60903dbf44a61.jpg,0,1,0,0
im0319_0_jpg.rf.31957bcbcd60596ecf9b200eaf81ff72.jpg,0,1,0,0
im0381_0_jpg.rf.33ca7a2104b2a5a8d9a9ba20c08c00c4.jpg,0,0,0,1
im0190_0_jpg.rf.312a86b33cab3a913ffdd716b271c339.jpg,0,0,0,1
im0036_0_jpg.rf.3343cd67809602a8fc687985ddce0614.jpg,0,0,0,1
im0131_0_jpg.rf.341955a905418f9b6415b1b462704497.jpg,0,0,0,1
im0170_0_jpg.rf.308f91dd84a94e31acafdd7e1f8162e1.jpg,0,0,0,1
im0295_0_jpg.rf.34c89f594c76b2502aa1739fae85c2f2.jpg,0,0,0,1
im0245_0_jpg.rf.33d2b3e2ff4ed23af16593c62cca6c14.jpg,0,1,0,0
im0142_0_jpg.rf.34eecbc3b1617ca492b7cfca125af545.jpg,0,1,0,0
im0395_0_jpg.rf.337d00d445f98ca569db41fed5c457e1.jpg,0,0,0,1
im0204_0_jpg.rf.34b15e94dc30eeb6f53556290313c253.jpg,0,0,0,1
im0088_0_jpg.rf.34504b8b3d1c7f17a50a4700d5c8d724.jpg,0,0,1,0
im0073_0_jpg.rf.36783c9032f9fbba3c689b29add484fc.jpg,0,0,1,0
im0225_0_jpg.rf.32e96efa62df9f1f84c8c57f67d4063c.jpg,0,0,1,0
im0375_0_jpg.rf.36b62ab4bab889868db10465312a8cb1.jpg,0,1,0,0
im0216_0_jpg.rf.3474006f7f2790d9dcfd6036180bb98c.jpg,0,1,0,0
im0193_0_jpg.rf.3530f49934812a4867551e143627e0d9.jpg,0,0,1,0
im0349_0_jpg.rf.32694996a757ca143e4e6a290ac752b6.jpg,0,0,0,1
im0166_0_jpg.rf.368b4358c8b1255aa515ee579b019d4f.jpg,0,0,1,0
im0143_0_jpg.rf.35c82100306d9a3d1b52a51713b749c3.jpg,0,1,0,0
im0247_0_jpg.rf.37678743cf880a8865b3942ea7aa170d.jpg,0,0,1,0
im0235_0_jpg.rf.3425ffb9f9ebe15b47b17c9caa0edda9.jpg,0,0,0,1
im0055_0_jpg.rf.3381d8eb8b1b64d30fbe9b6200f26ba2.jpg,0,0,0,1
im0099_0_jpg.rf.357cb9b688ed5e3135f6059b0b60eaf1.jpg,0,0,0,1
im0320_0_jpg.rf.34e21ad7f55f4dd1138458f6b202676a.jpg,0,0,1,0
im0253_0_jpg.rf.37c788ee57eb29a250939bb05fdf9ded.jpg,0,0,0,1
im0342_0_jpg.rf.36b86ad3ee6c87498ed3e82003504469.jpg,0,0,1,0
im0015_0_jpg.rf.389177aad9646e4e399d171cac9a6732.jpg,0,0,0,1
im0095_0_jpg.rf.3736d81c143245650db788353097ab32.jpg,0,0,0,1
im0008_0_jpg.rf.37d85404b550527d4f8bb118f8888637.jpg,0,0,0,1
im0140_0_jpg.rf.35b150180ea46ff86f0e6224ba86a8d0.jpg,0,0,1,0
im0140_0_jpg.rf.39d567663c0c0656be607b24079ef81c.jpg,0,0,1,0
im0298_0_jpg.rf.3a0423ee6e6a6f28f959057ff2fc9475.jpg,0,1,0,0
im0036_0_jpg.rf.34ee1b07f89acf776c23b8eefbb82eaf.jpg,0,0,0,1
im0071_0_jpg.rf.377ccea3b73ec0aad879e060aef7f7e1.jpg,0,0,0,1
im0311_0_jpg.rf.3940c6530c281ef13f2cafde6852e389.jpg,0,0,1,0
im0372_0_jpg.rf.39163cd997f0fdb403ae685ff58c403a.jpg,0,0,1,0
im0317_0_jpg.rf.3a2478fd4bc2082abc4b1e0d81ae7d58.jpg,0,1,0,0
im0134_0_jpg.rf.39b872b3d83caa95de3b8b2a7c6257b7.jpg,0,0,1,0
im0095_0_jpg.rf.373d0290feacf9bd456a25b01d3aef91.jpg,0,0,0,1
im0105_0_jpg.rf.38b5982c39abf2a92606386e992aef79.jpg,0,0,0,1
im0213_0_jpg.rf.3a9b14c3e1c53e529a9e354d3911d8a8.jpg,0,0,0,1
im0284_0_jpg.rf.3b79bb07196f6a58453d2eb73ca264fd.jpg,0,1,0,0
im0382_0_jpg.rf.38b601c1d1a993f2ec8c4e17a2b3c0a5.jpg,0,0,0,1
im0289_0_jpg.rf.3af34ed1d03d4335b3b2a9dcacaf0cd6.jpg,0,0,1,0
im0190_0_jpg.rf.3b5054aaa58a4b064b36c9083493f7e4.jpg,0,0,0,1
im0390_0_jpg.rf.392fcca1bf2e0a650a7e932cde602c0e.jpg,0,0,0,1
im0322_0_jpg.rf.3cebfd56a63925b290234ce4a440afe2.jpg,0,1,0,0
im0250_0_jpg.rf.3d17f3b3d87869b3a71da6c5227628d9.jpg,0,0,0,1
im0082_0_jpg.rf.3a71b01848510d0da7f9fbc8ae9c8763.jpg,0,0,0,1
im0044_0_jpg.rf.3d4c5283b3503aec90e43d240ce26772.jpg,0,0,0,1
im0214_0_jpg.rf.3b82a873a7b401fe5e4e0cfa37c80016.jpg,0,0,1,0
im0078_0_jpg.rf.3c3b70a12c9d7d09e073247616f9c40d.jpg,0,0,0,1
im0240_0_jpg.rf.3d828f7f73109867d2068c7a8433548e.jpg,0,0,0,1
im0164_0_jpg.rf.3d3504d65cabdf044aa89767fcef1812.jpg,0,0,0,1
im0362_0_jpg.rf.3ded5c058b706a5044c097782a2e5e2d.jpg,0,0,1,0
im0394_0_jpg.rf.3a3f4982d492ccbced9f83e44c9826f6.jpg,0,0,0,1
im0198_0_jpg.rf.3c99de5518e6cf846eff168c1d2cfc1b.jpg,0,1,0,0
im0238_0_jpg.rf.3cf854a7a10e44eaa1fb737f4748330d.jpg,0,0,0,1
im0399_0_jpg.rf.3ec5324dbe9583e151e3f0d7c4477632.jpg,0,1,0,0
im0025_0_jpg.rf.3e102746ddb0404c15545394ce52a361.jpg,0,0,0,1
im0004_0_jpg.rf.3d3a00e5faffc4183e0c0206d9381845.jpg,0,0,0,1
im0216_0_jpg.rf.3dd36415a98adccc2701db63b2d958ae.jpg,0,1,0,0
im0375_0_jpg.rf.3d44eaba53abcded890bde24723e2a14.jpg,0,1,0,0
im0049_0_jpg.rf.3e1861362e8409df5cb020b99b6bd878.jpg,0,0,1,0
im0028_0_jpg.rf.3a2f45ec0ce37f1bab0b5b543adbf438.jpg,0,0,1,0
im0198_0_jpg.rf.3a6559f1a85a5bf3d7c1cc3a41040771.jpg,0,1,0,0
im0114_0_jpg.rf.3f9a3ad155ab1afecf644119bd84f794.jpg,0,0,1,0
im0189_0_jpg.rf.3fc704633e9938acf132b9c9d1ae137c.jpg,0,0,1,0
im0264_0_jpg.rf.40f413683c4f63cbed67c8ba67ea4928.jpg,0,0,0,1
im0328_0_jpg.rf.3fda6c3f58d3e034f8b18cecabd63234.jpg,0,0,0,1
im0157_0_jpg.rf.3e5620dfed9ede30b3c9806ff5f66f81.jpg,0,0,1,0
im0023_0_jpg.rf.3edfbf77d2896873293bc0d248eac44b.jpg,0,0,0,1
im0230_0_jpg.rf.3f68bf0e53cb113fb8bbc44711994a49.jpg,0,0,1,0
im0169_0_jpg.rf.3f11acfeb57c4586dcd52e30dbea32f1.jpg,0,0,1,0
im0135_0_jpg.rf.3cd651052ac661081d1916142e7b2eed.jpg,0,0,1,0
im0029_0_jpg.rf.41aa1d10749975203bf90569e6f356b7.jpg,0,0,0,1
im0013_0_jpg.rf.41f45c5fcc6d8c08e604c27da6892233.jpg,0,0,1,0
im0202_0_jpg.rf.40c9658ae7bf0723a87c3532a65c70fe.jpg,0,0,1,0
im0375_0_jpg.rf.41293b2b120ed4c38e8324db296bcce8.jpg,0,1,0,0
im0147_0_jpg.rf.4045a7c686725bce5b96c68b6246a07a.jpg,0,0,0,1
im0192_0_jpg.rf.43891590cd44367dcac6de4b16dd0758.jpg,0,0,1,0
im0258_0_jpg.rf.40c905e15340dce8aa2693017ecff462.jpg,0,1,0,1
im0284_0_jpg.rf.4232588e6e52f0ca71e2887ae8a0879a.jpg,0,1,0,1
im0294_0_jpg.rf.42944ee7637ed16233c046bc18474f61.jpg,0,0,0,1
im0080_0_jpg.rf.43402a9ae6e84eca101333a3a51d13e0.jpg,0,0,0,1
im0051_0_jpg.rf.3f2bbce3e2cf1a589f4202942519026a.jpg,0,0,1,0
im0071_0_jpg.rf.42b825160962a7b56f03d85c6879e0e9.jpg,0,0,0,1
im0299_0_jpg.rf.3f3318cceb938a6328ad8dcc8f81d07f.jpg,0,0,0,1
im0132_0_jpg.rf.4190210bf63f5452224fca81cff2eb20.jpg,0,0,1,0
im0382_0_jpg.rf.425caf342a03beb56a9f016357304a95.jpg,0,0,0,1
im0294_0_jpg.rf.44b6f3c70bb8fc578153fa474f532d69.jpg,0,0,0,1
im0147_0_jpg.rf.43f190b82aabf759df4b306020c70459.jpg,0,0,0,1
im0040_0_jpg.rf.4438afe91621260711e26c62a69e7adb.jpg,0,0,1,0
im0012_0_jpg.rf.4433fe263f0e010bcc4b8a1d849cdb7e.jpg,0,0,0,1
im0293_0_jpg.rf.433243d6d7e12be9c1cd07f49dc65d2c.jpg,0,1,0,0
im0303_0_jpg.rf.43b996178ff092e26354654a301f25ef.jpg,0,0,0,1
im0218_0_jpg.rf.46a4144b51e015b9396bcaadb99fbe31.jpg,0,1,0,0
im0342_0_jpg.rf.434c4cdb039566333df8aa8f0e8404e7.jpg,0,0,1,0
im0107_0_jpg.rf.457f7faf5c043f85aa9fd4f95fc18284.jpg,0,0,0,1
im0328_0_jpg.rf.44718e1cf1fb98f3be301d83bea9f553.jpg,0,0,0,1
im0115_0_jpg.rf.3e9b1e6a5d5167b9dac530d1cc7b6037.jpg,0,0,1,0
im0261_0_jpg.rf.42c16a711282e9c00a1c5f058f334292.jpg,0,0,0,1
im0133_0_jpg.rf.462f50222da124fa55b50ab3b932fb2b.jpg,0,0,1,0
im0162_0_jpg.rf.448a769a20330d76dee32a78aafa4371.jpg,0,0,0,1
im0158_0_jpg.rf.4770ffc686c6d0b67dd0aa12e04458ad.jpg,0,0,0,1
im0150_0_jpg.rf.4812363abdc589379426ce40eeda79b8.jpg,0,0,0,1
im0090_0_jpg.rf.45f6784d6a7aec01d7874f84e5950788.jpg,0,0,1,0
im0301_0_jpg.rf.4846c819445b11f1fc29753bf02988b6.jpg,0,0,0,1
im0121_0_jpg.rf.4702eb6628cf3594e0eb68a079a1e9ea.jpg,0,0,1,0
im0233_0_jpg.rf.470d7a96d3d4c099c84a7517a5dce2eb.jpg,0,0,1,0
im0385_0_jpg.rf.4847e559998ab51d23022f9926242f79.jpg,0,0,1,0
im0130_0_jpg.rf.48923f4bd204014148d91ac1aa2ba6f3.jpg,0,0,1,0
im0015_0_jpg.rf.4937af73e56f991a26091221f01f12ce.jpg,0,0,0,1
im0165_0_jpg.rf.4803d6311f31f888985c65c5bc876b02.jpg,0,0,1,0
im0379_0_jpg.rf.482e1dd87ff07f1844e433fe9c7b6eb6.jpg,0,0,0,1
im0005_0_jpg.rf.4b4b14b0d203630d2e2fa90a13341e8f.jpg,1,0,0,0
im0400_0_jpg.rf.466186affad55563f1b766b06bc4d939.jpg,0,1,0,0
im0325_0_jpg.rf.496abbe233c0a904d6a6ae83263ba2f4.jpg,0,1,0,0
im0361_0_jpg.rf.461858122ed751083643d43bd4cddac7.jpg,0,0,1,0
im0106_0_jpg.rf.48f5d7bc582f32f75e11ac18ff9088de.jpg,0,0,1,0
im0227_0_jpg.rf.4b874a781a8241ad9e3bebe02eec7b76.jpg,0,0,1,0
im0161_0_jpg.rf.4b861159d45ce289c5db0f5ba4e4e9fa.jpg,0,0,1,0
im0337_0_jpg.rf.4a632b6e3137c3915d18c1555018be31.jpg,0,0,1,0
im0283_0_jpg.rf.4a8429d0db7849bcb7b5e45b2497fd7a.jpg,0,1,0,0
im0014_0_jpg.rf.4a48c8286c407e7dfb24867da77c1aec.jpg,0,0,0,1
im0270_0_jpg.rf.4b69f5b8ee1937651229ffe90176e419.jpg,0,0,1,0
im0287_0_jpg.rf.4c9e9f050621247afba89ec3ad504244.jpg,0,0,0,1
im0393_0_jpg.rf.49fa3be4efc636b0594ccbaf12638283.jpg,0,0,0,1
im0161_0_jpg.rf.4b9b57c5a0f5ad4ca512485d2855e5a7.jpg,0,0,1,0
im0009_0_jpg.rf.4aa5887cc75bd7d344e5afac36215b0e.jpg,0,0,1,0
im0244_0_jpg.rf.4b42d986bd5174b9db45c29c001e44ef.jpg,0,1,0,0
im0363_0_jpg.rf.4d1e091547b52be7c2fb82829a6eb477.jpg,0,1,0,0
im0199_0_jpg.rf.4cdfa79f6052fd85f3100af3b5e16e1c.jpg,0,1,0,0
im0151_0_jpg.rf.4b72bad990f5c96fd8ae7dd3896afcb0.jpg,0,0,0,1
im0165_0_jpg.rf.4c4843cc0dd3137d09bc146eacd59d4c.jpg,0,0,1,0
im0027_0_jpg.rf.4e5e8e1ddad49a6e4eaa4132065c6aa6.jpg,0,0,0,1
im0318_0_jpg.rf.4d7d31e9eb9e5b04efa418b475c5ae1c.jpg,0,0,1,0
im0117_0_jpg.rf.4df63ec8a529fe50e751d1e02c87a5f7.jpg,0,0,1,0
im0049_0_jpg.rf.4d211e74565dcd22ef7d3c964661cf57.jpg,0,0,1,0
im0310_0_jpg.rf.4bd2d4cdac9a30e9d53bd38cef2637ff.jpg,0,0,0,1
im0079_0_jpg.rf.4c08822c1d6816796d57b4ef36508381.jpg,0,0,0,1
im0374_0_jpg.rf.4ecfecdbf3366ec6783cd9df3cfb2bf2.jpg,0,0,0,1
im0168_0_jpg.rf.4fba10559ee8adc1d449379ac945fa27.jpg,0,0,1,0
im0151_0_jpg.rf.4fb06995ed780040405e9ee37670cd84.jpg,0,0,0,1
im0377_0_jpg.rf.4e30bd088a56ce6aaddc0614e67397e0.jpg,0,0,0,1
im0273_0_jpg.rf.4dda7ddd57031ce9ec2535f39e95fbec.jpg,0,1,0,0
im0336_0_jpg.rf.4f60bf614671329ad1526c5d83ff891c.jpg,0,0,1,0
im0200_0_jpg.rf.4e8911d4ad7afa7520bd22762c776808.jpg,0,0,1,0
im0214_0_jpg.rf.4e69a3381d5577f727a33294eff28039.jpg,0,0,1,0
im0013_0_jpg.rf.4fdf9c9ee2ae1bd849e25aa7bdad5056.jpg,0,0,1,0
im0238_0_jpg.rf.4e13f9d447c290a971c727d93f6cf15e.jpg,0,0,0,1
im0269_0_jpg.rf.50d1fbbf4cf1f0d06ecf47df8fb6d933.jpg,0,0,0,1
im0395_0_jpg.rf.4fb75a760607af39faa058ea5355959c.jpg,0,0,0,1
im0298_1_jpg.rf.51970397eae9b6f9d61d13f9fe5a76d7.jpg,0,1,0,0
im0230_0_jpg.rf.52668878077d0e33fcbaab10554ea8d7.jpg,0,0,1,0
im0217_0_jpg.rf.4d6e41003bdcda17b44da74c03e54bde.jpg,0,1,0,0
im0153_0_jpg.rf.517232814aaa4af00fa89d90c338a89d.jpg,0,0,0,1
im0156_0_jpg.rf.4fde4f2c138bcd2954819bdeef28d073.jpg,0,0,1,0
im0076_0_jpg.rf.505b6d328bf6792c08a2231a12864282.jpg,0,0,0,1
im0009_0_jpg.rf.4f4b55a0d3b1da3cba0cd4617f82d9aa.jpg,0,0,1,0
im0112_0_jpg.rf.5112df84727e26bb8c91e645bcec157b.jpg,0,1,0,0
im0045_0_jpg.rf.4fea26f3e5bcf022a824fb51d093dfd5.jpg,0,1,0,0
im0252_0_jpg.rf.4e8d332c18040343c6ba1d34596113b1.jpg,0,0,0,1
im0383_4_jpg.rf.52a9e26b9c495d720c3015f600cb9e21.jpg,0,1,0,0
im0085_0_jpg.rf.4e510911ff09fba54b0abe25792a2ce7.jpg,0,0,1,0
im0180_0_jpg.rf.51080e778fda06c09778027ba8f3f14f.jpg,0,0,0,1
im0287_0_jpg.rf.531ef7a86086625220bf3e0a00803151.jpg,0,0,0,1
im0321_0_jpg.rf.530d5ffb24fb1e7649d936df3f0ffdf1.jpg,0,1,0,0
im0330_0_jpg.rf.524a5d19437432ce6bc37d872febcf4e.jpg,0,0,1,0
im0400_0_jpg.rf.54a409f43fbdc3191fb49210d05865d5.jpg,0,1,0,0
im0315_0_jpg.rf.52c5cda56ff3f116627f011be5568299.jpg,0,0,1,0
im0124_0_jpg.rf.54447c2f5c256e1c7b0f808aeece3748.jpg,0,0,1,0
im0338_0_jpg.rf.52d4c19afe14b6d3d29e2d491211565b.jpg,0,0,1,0
im0279_0_jpg.rf.51af14e7aa4d7f3e4dbfc0ebb751b136.jpg,0,0,1,0
im0345_0_jpg.rf.50cab144fdd2f189c988a44035bb5eb0.jpg,0,0,0,1
im0126_0_jpg.rf.52fd019da8d14ec32abd8889f0328313.jpg,0,0,1,0
im0248_0_jpg.rf.53d4148468d40ef37b8696caecd7129d.jpg,0,0,0,1
im0252_0_jpg.rf.52a3de483258615f36bacc094dd619e3.jpg,0,0,0,1
im0325_0_jpg.rf.481fbeb3ffa2fbd86934597336ce89c2.jpg,0,1,0,0
im0277_1_jpg.rf.53492d8ec3413266c1a406e67b1ccda4.jpg,0,1,0,0
im0019_0_jpg.rf.54c926b222b62cf7d5a48247255274fc.jpg,1,0,0,0
im0383_3_jpg.rf.540a0e184c1bb376aa1943a60ef64784.jpg,0,1,0,0
im0357_0_jpg.rf.54706460ae3a375756630d12ecad7302.jpg,0,0,0,1
im0283_3_jpg.rf.b59bd99faeae1dab0ca18154a1d5ef30.jpg,0,1,0,0
im0005_0_jpg.rf.b5fe04b173e959670d869efec8b41471.jpg,1,0,0,0
im0235_0_jpg.rf.b6b37dbe5f1e97bc96db5e23bb64b666.jpg,0,0,0,1
im0341_0_jpg.rf.b6bbe6f1d82381000b19cf31faa698db.jpg,0,0,1,0
im0012_0_jpg.rf.b6e6ae3e7c856a94659ea8af54503e6c.jpg,0,0,0,1
im0084_0_jpg.rf.b76c2b68d2d386ae439975f759d5257b.jpg,0,0,0,1
im0364_0_jpg.rf.b609a53d3e2157d95ac93e742eecceb0.jpg,0,0,1,0
im0128_0_jpg.rf.b617dd872793f429d86524e85aff8d8a.jpg,0,1,0,0
im0337_0_jpg.rf.b643d127d728ea76fccb5f37fc17e679.jpg,0,0,1,0
im0393_0_jpg.rf.b68360b658ba17cc78541f12d219cd15.jpg,0,0,0,1
im0099_0_jpg.rf.b699af35f69252dbb76c3791001a1248.jpg,0,0,0,1
im0360_0_jpg.rf.b86c7dc313092ae1742307d2876ba539.jpg,0,0,1,0
im0053_0_jpg.rf.b72a96423f372f3cdbacb57f06ba2afa.jpg,0,0,0,0
im0312_0_jpg.rf.b86e5d672a101e397dfc9ee32c12318c.jpg,0,0,1,0
im0011_0_jpg.rf.b9b14acabe815c144a704aa6293d8f13.jpg,0,0,0,1
im0208_0_jpg.rf.b76664b32472d863f956841d9205b8f6.jpg,0,0,0,1
im0139_0_jpg.rf.b89e3f758bb6e7d3a8775bb8a94b0a8c.jpg,0,0,1,0
im0040_0_jpg.rf.b981c2d403244916af16fe23af2803dd.jpg,0,0,1,0
im0092_0_jpg.rf.b9bc57332727d66c6351583fd4e48d27.jpg,0,0,0,1
im0375_0_jpg.rf.b9ed7090131d3c7cc1f96e74ada3cc0e.jpg,0,1,0,0
im0294_0_jpg.rf.ba00120f1119fe3a4963ec81f73ca31f.jpg,0,0,0,1
im0041_0_jpg.rf.bc968b105eeb39695b3dcdf58da12ae0.jpg,0,0,0,1
im0146_0_jpg.rf.ba36f39e52f152d2f18aa6a35214fe53.jpg,0,0,0,1
im0321_0_jpg.rf.b92c57fec1c77ad0b52e36b43f2f0945.jpg,0,1,0,0
im0168_0_jpg.rf.ba8bef3a902aadb38291347edebc8557.jpg,0,0,1,0
im0340_0_jpg.rf.bcbfdec8870de1833de3fef57fbaa1b6.jpg,0,0,1,0
im0162_0_jpg.rf.bc2331b520b80887a43935e88f62c17e.jpg,0,0,0,1
im0283_3_jpg.rf.baf067d497deee807af428547aacb978.jpg,0,1,0,0
im0162_0_jpg.rf.bcd6154d10e6c9a24d159b5b8f9449da.jpg,0,0,0,1
im0197_0_jpg.rf.ba4207391709d35005d0117509f2307e.jpg,0,0,1,0
im0309_0_jpg.rf.baafabd4bcce8711b636abf3d03b7eda.jpg,0,0,1,0
im0149_0_jpg.rf.bb8e70b3801c99a9e62f12045e08826f.jpg,0,0,0,1
im0338_0_jpg.rf.bd031caed30d9a39c5bb7f74b44fe621.jpg,0,0,1,0
im0190_0_jpg.rf.bb8e5e168567f9b53ad19d88595643e2.jpg,0,0,0,1
im0128_0_jpg.rf.bb5ed9d58a18e219f05c2b6500bf227c.jpg,0,1,0,0
im0280_0_jpg.rf.bb1e86f88d2c81608536df697ea80f9d.jpg,0,1,0,0
im0392_0_jpg.rf.bcde619fdec82be8d5254ecd29601d26.jpg,0,0,0,1
im0020_0_jpg.rf.bc78fb2a1a82de65cee4022b9af4855a.jpg,0,0,1,0
im0388_0_jpg.rf.bcc392343922f005607cb22937c446ff.jpg,0,0,0,1
im0114_0_jpg.rf.baca31e14c7bc4889eadb330bcc1c35d.jpg,0,0,1,0
im0120_0_jpg.rf.bbff1c1940104955f11fae144bdbfc73.jpg,0,0,0,1
im0253_0_jpg.rf.bb89ad1a10d1233c8e51f28375c3d519.jpg,0,0,0,1
im0007_0_jpg.rf.bd39f3bdad0b2536bf8874810d21ea97.jpg,0,1,0,0
im0155_0_jpg.rf.bb31b6b1476fdd7d2a49a09f31abee0c.jpg,0,0,1,0
im0290_0_jpg.rf.ba55fcf6ddf7f4bb40916641738d5828.jpg,0,0,1,0
im0379_0_jpg.rf.bb8573e5dc05720f0c6fdc5fac2a77a8.jpg,0,0,0,1
im0034_0_jpg.rf.bfa7d2785688384ea921427d97783f99.jpg,0,0,0,1
im0317_0_jpg.rf.bd3a9b44efb091b80c50f1b38c2945dc.jpg,0,1,0,0
im0083_0_jpg.rf.be260eaf5052165aa15469e365117a8d.jpg,0,0,0,1
im0117_0_jpg.rf.be04f67e1d127e49bbfab03d76b64d8c.jpg,0,0,1,0
im0059_0_jpg.rf.c1aab376081bf99304493812827fa1e6.jpg,0,0,1,0
im0293_0_jpg.rf.bf03c734652c6657e1fe18e81c9c06fd.jpg,0,1,0,0
im0277_0_jpg.rf.c02f2e81d1ee61bf26dbe1895b5020f5.jpg,0,1,0,0
im0001_0_jpg.rf.be655da9ce2dd1c2682f4ceb1cbe8e20.jpg,0,0,1,0
im0103_0_jpg.rf.c0fc81867b0fc4c75de1970884f329c6.jpg,0,0,1,0
im0243_0_jpg.rf.bf20f6d4ecd291ba58660fc37f090a0d.jpg,0,0,0,1
im0093_0_jpg.rf.c0bcc6210d414177dfc6f5eb80cfd817.jpg,0,0,1,0
im0030_0_jpg.rf.bd63fa7146a28fcb6fabe68fd1edfd32.jpg,0,0,0,1
im0215_0_jpg.rf.beb3b3464865823d7ef4f53497e358cf.jpg,0,0,1,0
im0152_0_jpg.rf.bd5862bbdca248c07b9faf12379614b1.jpg,0,0,0,1
im0352_0_jpg.rf.c0374552e1bb87781b24b6237e526cf0.jpg,0,0,1,0
im0136_0_jpg.rf.bd95a4beaf1b71f90e4672b96f8a0266.jpg,0,0,1,0
im0329_0_jpg.rf.bf9d396b1438838672719fd01846440a.jpg,0,0,1,0
im0294_0_jpg.rf.bf1692c29c66943c2da8b189887e6ebf.jpg,0,0,0,1
im0123_0_jpg.rf.c0767219357a914496b8831fe1cc37f6.jpg,0,0,1,0
im0357_0_jpg.rf.c1fe6431bce081bee17cf4ce48e18233.jpg,0,0,0,1
im0393_0_jpg.rf.be2f376331928b4789d4a03eae486fa8.jpg,0,0,0,1
im0219_0_jpg.rf.bffbaa65256e804c81a087a6615c8237.jpg,0,0,0,1
im0314_0_jpg.rf.c1d14c3c8377d9c6f38f0f32b1b0ce24.jpg,0,0,1,0
im0137_0_jpg.rf.bf958b59403e5ccd089d603de00fb43d.jpg,0,0,1,0
im0153_0_jpg.rf.c04e7737160a17f3b7f4861f5684faa9.jpg,0,0,0,1
im0087_0_jpg.rf.bef4f7497281ea63c6bd64a7d0ff4802.jpg,0,1,0,0
im0304_0_jpg.rf.c1275358989c072f04193a02d9d82616.jpg,0,0,0,1
im0358_0_jpg.rf.c2c5ea207ec89e49e26ef1bf6ab17f40.jpg,0,0,1,0
im0321_0_jpg.rf.c27398eb6eadd15a28e9c12577b57748.jpg,0,1,0,0
im0232_0_jpg.rf.c33ca0952150e77419f20a7eb2a2b354.jpg,0,0,0,1
im0262_0_jpg.rf.be73f2780c8123f5f82fea32fb05008d.jpg,0,0,0,1
im0331_0_jpg.rf.c1d4dc9e9a246802f15a527bc808633f.jpg,0,0,1,0
im0073_0_jpg.rf.c3e1a9672db2b11357bf3885f1264e7b.jpg,0,0,1,0
im0170_0_jpg.rf.c354948ffa5044e6b9c430b604daba1f.jpg,0,0,0,1
im0236_0_jpg.rf.c2e0b0b8b92f47502910cf802933dd2a.jpg,0,0,0,1
im0066_0_jpg.rf.c457b647c5c262507219c3c66bf81916.jpg,0,0,0,1
im0142_0_jpg.rf.c5155f24546eab7516dab9e20ea42c85.jpg,0,0,0,0
im0176_0_jpg.rf.c304a4977b7a43d7fac3c6d120ece1fd.jpg,0,0,1,0
im0394_0_jpg.rf.c501b343c79a89c81b32937f530889a4.jpg,0,0,0,1
im0087_0_jpg.rf.c2316a8d3400df9f61f63ddcdf2330f2.jpg,0,1,0,0
im0373_0_jpg.rf.c5a6cfdf8509f702bf26f605a7ece741.jpg,0,0,0,1
im0145_0_jpg.rf.c536c104b95e36e59fd4a74f7fd08680.jpg,0,0,1,0
im0325_0_jpg.rf.c64b175ee18630db42eb8ede71956fcb.jpg,0,1,0,0
im0282_0_jpg.rf.c5ecea6dc57221287cfa126a18bc8e93.jpg,0,1,0,0
im0291_0_jpg.rf.c417bab38c2102ca94779003d73963bc.jpg,0,1,0,0
im0216_0_jpg.rf.c6187ae22446b3e255dd2521699d7429.jpg,0,1,0,1
im0150_0_jpg.rf.c4c2f5d9b3d0527bee82e74bbe68cdd0.jpg,0,0,0,1
im0363_0_jpg.rf.c50c0a13d7dc68e15c0fdbf38ca200ca.jpg,0,1,0,0
im0373_0_jpg.rf.c7d119db4c84ac3bd62b42b638dd238f.jpg,0,0,0,1
im0399_0_jpg.rf.c813263ac1c6bb9f2df65d1e937c11e3.jpg,0,1,0,0
im0289_0_jpg.rf.c6dedc49769e486c7f4aa7b6186bca73.jpg,0,0,1,0
im0222_0_jpg.rf.c58c119e59d1ee8843f3168a5dd9c1fd.jpg,0,0,1,0
im0317_0_jpg.rf.c6d3fee66698219565aba79b2624db32.jpg,0,1,0,0
im0397_0_jpg.rf.c559f0f31303176e5f505582ab830164.jpg,1,0,0,0
im0329_0_jpg.rf.c8d10d382fec43b498e7e09ba9b9d86b.jpg,0,0,1,0
im0399_0_jpg.rf.c351e47f6bb8380e187df1495b6f76bd.jpg,0,1,0,0
im0174_0_jpg.rf.c7f488cf84c2be69e4703e9ec860fe4b.jpg,0,0,0,1
im0301_0_jpg.rf.c8595850b3ec4b27065982200c71778b.jpg,0,0,0,1
im0247_0_jpg.rf.c8e7c07faa12f11eb060fbb95af4c902.jpg,0,0,1,0
im0166_0_jpg.rf.c87151e6f877b79aa1414e7e2b712b2a.jpg,0,0,1,0
im0371_0_jpg.rf.c8a6a43dc2679192375724fab52008c7.jpg,0,0,0,1
im0319_0_jpg.rf.c6f65543bab09c4466cd107a9d40b609.jpg,0,1,0,0
im0140_0_jpg.rf.c451720ab030be08ef01347c1971fe60.jpg,0,0,1,0
im0259_0_jpg.rf.c8522a6534c169266ee5f4f7ca1bac81.jpg,0,0,0,1
im0179_0_jpg.rf.c8a266c60e797cab8b6ac40ed80a17fc.jpg,0,0,0,1
im0398_0_jpg.rf.ca2148209de5ef4ebd0ae60077487246.jpg,1,0,0,0
im0177_0_jpg.rf.c975357fd3e90ae5c23476ba2a5f66dc.jpg,0,0,1,0
im0255_0_jpg.rf.c8f3d40c9283248d76c19f3220ea420b.jpg,0,0,0,1
im0249_0_jpg.rf.ca6c76009d592e5ca3cf7b44041793d4.jpg,0,0,0,1
im0168_0_jpg.rf.c8acbf71f6bf8a1d857bafca89d1e548.jpg,0,0,1,0
im0022_0_jpg.rf.cb39de720a8afaa00e0801ba4e7b726e.jpg,0,0,0,1
im0246_0_jpg.rf.c8d3fb10489a4095bab81f33041af4c5.jpg,0,0,1,0
im0258_0_jpg.rf.cb9bc9adf52d33e17252fd6a07672705.jpg,0,1,0,1
im0341_0_jpg.rf.c93695e440b386ce11cd10e6727bd336.jpg,0,0,1,0
im0009_0_jpg.rf.c9b919cb8c39e7bf5de0abdb09c8497e.jpg,0,0,1,0
im0155_0_jpg.rf.ccded9af434de5aec6dc64f2d5a5c8a9.jpg,0,0,1,0
im0083_0_jpg.rf.cceac447c8e7993b8d683ccf87b1a17c.jpg,0,0,0,1
im0323_2_jpg.rf.ccb4b1d2645226321fc25d240a9e3f2d.jpg,0,1,0,0
im0218_0_jpg.rf.cb5bc9dd970a50cb04dca311f63a4290.jpg,0,1,0,0
im0160_0_jpg.rf.ccbd992f01003ad032b58d36da93b204.jpg,0,0,1,0
im0199_1_jpg.rf.c9364c98276969645cb4ad62ae36800f.jpg,0,1,0,0
im0319_0_jpg.rf.cd840ed707e90ed6e6a86261599ec2ff.jpg,0,1,0,0
im0042_0_jpg.rf.ce73e0e2d46c1001cdd3cdbdd824473e.jpg,0,0,0,1
im0348_0_jpg.rf.cd2096d6ae876b350445166a21431543.jpg,0,0,0,1
im0016_0_jpg.rf.cc23feb7403f2123283facbe736d92e2.jpg,0,0,1,0
im0339_0_jpg.rf.cde25d74e2e7a880f7b3987d5c0183e8.jpg,0,0,1,0
im0224_0_jpg.rf.ca3c1ad650a6e36ba33357a181fa79b9.jpg,0,0,1,0
im0035_0_jpg.rf.cf31375ecd8e569132e69d1317ae5f9d.jpg,0,0,0,1
im0257_0_jpg.rf.cc0099f21b00eb1ad2149bdc0458925d.jpg,0,1,0,0
im0336_0_jpg.rf.cf073a31088ba8f6b65f9463131295c7.jpg,0,0,1,0
im0243_0_jpg.rf.cbc2336be489bfa5ef4f47e2dffb280b.jpg,0,0,0,1
im0270_0_jpg.rf.ce1120974f9b34a9b8272170c871477f.jpg,0,0,1,0
im0016_0_jpg.rf.ce86cb58a6848a4d27e03c3a457a04a9.jpg,0,0,1,0
im0095_0_jpg.rf.cf8faa8f17686ed12c97f2aac9d44ef7.jpg,0,0,0,1
im0376_0_jpg.rf.cf5c35d60a85bac05fcca2024a9ca829.jpg,0,0,1,0
im0003_0_jpg.rf.d06c2e50a67224956edb286354da1af3.jpg,0,0,0,1
im0163_0_jpg.rf.d19b2cdf6c63beacbf6eb9d8b533e781.jpg,0,0,0,1
im0363_0_jpg.rf.cef6fc8b326e9609165a69745be92c85.jpg,0,1,0,0
im0074_0_jpg.rf.cfd436cd72e409ba69ca9f4382345db0.jpg,0,0,1,0
im0240_0_jpg.rf.d1a93acf484ba402b1fc7d69026b2627.jpg,0,0,0,1
im0265_0_jpg.rf.cf91274a2bbbe4d663c769e01f8a1e16.jpg,0,0,0,1
im0217_0_jpg.rf.d1a73a6796ea6528ddff363d002e89d0.jpg,0,1,0,0
im0260_0_jpg.rf.ceb57300c224da5407b8988d4d70e458.jpg,0,0,0,1
im0312_0_jpg.rf.d04cf31d017ad87f3a5ef4f9383976e6.jpg,0,0,1,0
im0118_0_jpg.rf.cf75f871a94d5675e788f17acd08dcbd.jpg,0,0,1,0
im0100_0_jpg.rf.cd31715bf707aa5de0c6b1ff9b725f41.jpg,0,1,0,0
im0051_0_jpg.rf.d1ac72439cb63d38d41a93293c4ec999.jpg,0,0,1,0
im0217_0_jpg.rf.d1b468d293beae4bae00584590294e93.jpg,0,1,0,0
im0189_0_jpg.rf.d1857900700aa8bf2b488de3b1f2cbcd.jpg,0,0,1,0
im0011_0_jpg.rf.d29d586fc9a94694ae6aead0d004a9a7.jpg,0,0,0,1
im0025_0_jpg.rf.d2913e49dac9c87311a25d0778ac0bab.jpg,0,0,0,1
im0380_0_jpg.rf.d231bd98d071bf2f9747d39ac22eb422.jpg,0,0,0,1
im0379_0_jpg.rf.d2a7e6a50d9d1fbfd9025d5db0eae310.jpg,0,0,0,1
im0060_0_jpg.rf.d2171015e88d29bbc68a363f36e12978.jpg,0,0,1,0
im0150_0_jpg.rf.d3c0e0e48836d2af714766a0e1db9fc7.jpg,0,0,0,1
im0229_0_jpg.rf.d43017875c984ce3229d5b864861f93e.jpg,0,0,1,0
im0264_0_jpg.rf.d38c5cd68cd57ad9b7a8c930fba1d45a.jpg,0,0,0,1
im0248_0_jpg.rf.d35a382107db330d3838c71ea7243036.jpg,0,0,0,1
im0286_0_jpg.rf.d3634fdbc1a187ee2c9d5fe993b442a1.jpg,0,0,0,1
im0234_0_jpg.rf.d229872c7d6e4d18a2f08e86d0608151.jpg,0,0,0,1
im0347_0_jpg.rf.cfc3257f6385eb1015cc6388c8fdf397.jpg,0,0,1,0
im0234_0_jpg.rf.d362ff52a31d342c9a9ce97f2e7a52da.jpg,0,0,0,1
im0358_0_jpg.rf.d2e938a90c7dda1dfb9aef46266b14ad.jpg,0,0,1,0
im0387_0_jpg.rf.d3a94e542c44edd2a8667aa27d409b22.jpg,0,0,0,1
im0126_0_jpg.rf.d3e974e79e346b857881217c854a1ad2.jpg,0,0,1,0
im0179_0_jpg.rf.d609ed043592782aec3b19aeb0696611.jpg,0,0,0,1
im0291_0_jpg.rf.d37c67b8d84b5292d1d386200a3d1cae.jpg,0,1,0,0
im0159_0_jpg.rf.d3da7d9824da1058ffdb831fbbf3ccae.jpg,0,0,0,1
im0204_0_jpg.rf.d3a3791cce2c821932a1c06e6c6ff94f.jpg,0,0,0,1
im0296_0_jpg.rf.d5e82dd54b5c744ed4b0c0893485aaf3.jpg,0,1,0,0
im0301_0_jpg.rf.d4e8e54396543a931b756da377229812.jpg,0,0,0,1
im0249_0_jpg.rf.d66b8d64a0951b2f94ecbb82de963da3.jpg,0,0,0,1
im0202_0_jpg.rf.d449c0eaa8b3503ec6a1d930deca185b.jpg,0,0,1,0
im0101_0_jpg.rf.d580ff03964519ea47c1ec93848151b6.jpg,0,0,0,1
im0217_0_jpg.rf.d6f340fb3acc7696b401eaaf564de8a0.jpg,0,1,0,0
im0276_2_jpg.rf.d5ffd0571ff01a81002472f99fed0734.jpg,0,1,0,0
im0352_0_jpg.rf.d666844c70b623225ee7060585bfedec.jpg,0,0,1,0
im0054_0_jpg.rf.d55fc954c42c7b107f9be13d78ef23d3.jpg,0,0,1,0
im0154_0_jpg.rf.d2e2fa05052aa48aafbcb4d7ca535138.jpg,0,0,0,1
im0085_0_jpg.rf.d8bb2ec8c82c9810246f273a25d7bc60.jpg,0,0,1,0
im0053_0_jpg.rf.d4d4279598eb6e5854f6cc06c2f4aca4.jpg,0,0,0,0
im0002_0_jpg.rf.d7543bcd9af68d966ffc26377d265f5c.jpg,0,0,1,0
im0131_0_jpg.rf.d87fe5372f89368448b8a20adb1d6597.jpg,0,0,0,1
im0224_0_jpg.rf.d71bbc08560e4c6e8721323a5e8abb20.jpg,0,0,1,0
im0306_0_jpg.rf.d80948b273f079ea49f1915b5dc8cd23.jpg,0,0,1,0
im0275_0_jpg.rf.d7296f306c88a773d293b426bb8f5795.jpg,0,1,0,0
im0043_0_jpg.rf.d9861b2dafa94c28e18734f44c977dc1.jpg,0,0,1,0
im0063_0_jpg.rf.d846151e0c0d38a7b8b96cb444709d76.jpg,0,0,0,1
im0225_0_jpg.rf.d92323d8bb95f0eb2b10f9ae09a6e4d7.jpg,0,0,1,0
im0177_0_jpg.rf.d9a15f0fa45a01083b9b7352405e028c.jpg,0,0,1,0
im0398_0_jpg.rf.d78ae53692f3dd72478beda128648c41.jpg,1,0,0,0
im0396_10_jpg.rf.da96120da5780d8333e3251889eb4457.jpg,1,0,0,0
im0331_0_jpg.rf.d930f4cd548231f0114bdf3cd9311d8d.jpg,0,0,1,0
im0251_0_jpg.rf.d767643b5514bc2a49a0a2c48f58b99d.jpg,0,0,1,0
im0226_0_jpg.rf.daa2ecb8db060d4be1b11f67e170c95a.jpg,0,0,1,0
im0303_0_jpg.rf.d9ac45c26a36f2eb4161ca5461c0e0ec.jpg,0,0,0,1
im0211_0_jpg.rf.d74224242a765de97a53cd13e6ab4665.jpg,1,0,0,0
im0145_0_jpg.rf.d4c3ba3ff1d5157aa9fa45cbdb6bbf2e.jpg,0,0,1,0
im0069_0_jpg.rf.d9b876087b3f044b425cedcdcfef60a5.jpg,0,0,1,0
im0111_0_jpg.rf.d9234738bb81bb0502245e0e987668ac.jpg,0,0,0,1
im0284_0_jpg.rf.dca7d4c8f94485520bc6e09cad6f30fa.jpg,0,1,0,1
im0250_0_jpg.rf.ddf3a80f19178be8d5d213ab39c8690f.jpg,0,0,0,1
im0388_0_jpg.rf.dbe0ee1e47327b1143390be5aa09865f.jpg,0,0,0,1
im0265_0_jpg.rf.da216fe90ece728d30ef65dd877b50e3.jpg,0,0,0,1
im0373_0_jpg.rf.dadda252d2ede6621467a12789c25da6.jpg,0,0,0,1
im0299_0_jpg.rf.da4a6e82d1601afbe00428b26c888653.jpg,0,0,0,1
im0258_0_jpg.rf.dcb6a6cffd03ddff94585f7d5862c63b.jpg,0,1,0,0
im0050_0_jpg.rf.de27115ed1e7da34e4e448a1662eaa67.jpg,0,0,1,0
im0316_0_jpg.rf.dd319c7e24b97f88c142b2564bb4ea91.jpg,0,0,1,0
im0218_0_jpg.rf.de67d93aa8dcc5aa215c8895ce56bf94.jpg,0,1,0,0
im0189_0_jpg.rf.de2da9b58f7fee72b35b3acda0e02d7a.jpg,0,0,1,0
im0254_0_jpg.rf.df654d32a5ae1e540856c2e55c93e210.jpg,0,0,0,1
im0285_0_jpg.rf.df3609b90d5ed09e31c227af35151ced.jpg,0,0,0,1
im0323_2_jpg.rf.de432b7484b7ebd4d5da586181aedbdd.jpg,0,1,0,0
im0288_0_jpg.rf.dbd4f997641c5b7ef21e77384753d0c4.jpg,0,0,1,0
im0041_0_jpg.rf.df6b1e994990c88e145b5e4aa669cb33.jpg,0,0,0,1
im0336_0_jpg.rf.dfce371f8b43190c15875bdd632298d2.jpg,0,0,1,0
im0316_0_jpg.rf.e1cad887cc15d73ad3d5ca827fb5ff08.jpg,0,0,1,0
im0367_0_jpg.rf.e0f8814605c3ba2d965885789d86f0e8.jpg,0,0,1,0
im0187_0_jpg.rf.df234901debfdb3771dde10bdac5d036.jpg,0,0,0,1
im0196_0_jpg.rf.ddbabb69bf850ea0beac042a661e32e6.jpg,0,0,1,0
im0364_0_jpg.rf.dfdc3788edee79b89df9c5f841452ab9.jpg,0,0,1,0
im0171_0_jpg.rf.e05b41bf06192ad932209d384aee985c.jpg,0,0,1,0
im0300_0_jpg.rf.e475637e671da281a286c34d88512739.jpg,0,1,0,0
im0382_0_jpg.rf.de711881f434d646044ee84f491d6d46.jpg,0,0,0,1
im0389_0_jpg.rf.dde54a4ba61be3e198827a61642fd938.jpg,0,0,0,1
im0244_0_jpg.rf.e26e4ae7e961dcf71b02289337cf58fc.jpg,0,1,0,0
im0135_0_jpg.rf.de763933ab781c5082e9b407350c9c37.jpg,0,0,1,0
im0303_0_jpg.rf.e48cc5eb5f2f53a5c5393df0ab9914aa.jpg,0,0,0,1
im0257_0_jpg.rf.e0a1cee5ab8b3a353746a3580f5cc886.jpg,0,1,0,0
im0253_0_jpg.rf.e2c89273a90394333d366221b25ce6a2.jpg,0,0,0,1
im0218_0_jpg.rf.e33789529a1371969fe1f1402e2b03db.jpg,0,1,0,0
im0095_0_jpg.rf.e318b0cfadd94e57e2fa575fefdf56d5.jpg,0,0,0,1
im0099_0_jpg.rf.e45e78ec4b4276419fc01b5f07763f89.jpg,0,0,0,1
im0350_0_jpg.rf.e43c8aaa144e7a4cd975f0ca343b96c3.jpg,0,0,1,0
im0229_0_jpg.rf.e16625a2a3e67508c09fb61454d64704.jpg,0,0,1,0
im0170_0_jpg.rf.e54720faec16bb6f3dfba25a40add1b3.jpg,0,0,0,1
im0252_0_jpg.rf.dd40f24b665a697c6247ee041cebd1d3.jpg,0,0,0,1
im0018_0_jpg.rf.e49e05be8f30d76f9228c3aba43998e8.jpg,0,1,0,0
im0178_0_jpg.rf.e48b21049ef01eb721a6d4a2a3cb779f.jpg,0,0,1,0
im0128_0_jpg.rf.e2077cf04bd7e7d1c4f9c3ee8b738d12.jpg,0,1,0,0
im0158_0_jpg.rf.dec5c2c3dec9430cbaf6eefebd7ecd21.jpg,0,0,0,1
im0286_0_jpg.rf.e495bb0a62b99151ef91c1a896f3da7e.jpg,0,0,0,1
im0343_0_jpg.rf.d5c077eb7895e51f6f100f08051fc96d.jpg,0,0,0,1
